,artists,available_markets,disc_number,duration_ms,explicit,external_urls,href,id,is_local,name,preview_url,track_number,type,uri,Artist,X_Uri,danceability,energy,key,loudness,mode,speechiness,acousticness,instrumentalness,liveness,valence,tempo,duration_ms,time_signature,link,username,title,rating
0,"[{'external_urls': {'spotify': 'https://open.spotify.com/artist/7lq25uVNvzRoAJgr4CYr8e'}, 'href': 'https://api.spotify.com/v1/artists/7lq25uVNvzRoAJgr4CYr8e', 'id': '7lq25uVNvzRoAJgr4CYr8e', 'name': 'Thái Đinh', 'type': 'artist', 'uri': 'spotify:artist:7lq25uVNvzRoAJgr4CYr8e'}, {'external_urls': {'spotify': 'https://open.spotify.com/artist/6lKBdKySIpWUb4tA7hYzU7'}, 'href': 'https://api.spotify.com/v1/artists/6lKBdKySIpWUb4tA7hYzU7', 'id': '6lKBdKySIpWUb4tA7hYzU7', 'name': 'Pixel Neko', 'type': 'artist', 'uri': 'spotify:artist:6lKBdKySIpWUb4tA7hYzU7'}]","['AR', 'AU', 'AT', 'BE', 'BO', 'BR', 'BG', 'CA', 'CL', 'CO', 'CR', 'CY', 'CZ', 'DK', 'DO', 'DE', 'EC', 'EE', 'SV', 'FI', 'FR', 'GR', 'GT', 'HN', 'HK', 'HU', 'IS', 'IE', 'IT', 'LV', 'LT', 'LU', 'MY', 'MT', 'MX', 'NL', 'NZ', 'NI', 'NO', 'PA', 'PY', 'PE', 'PH', 'PL', 'PT', 'SG', 'SK', 'ES', 'SE', 'CH', 'TW', 'TR', 'UY', 'US', 'GB', 'AD', 'LI', 'MC', 'ID', 'JP', 'TH', 'VN', 'RO', 'IL', 'ZA', 'SA', 'AE', 'BH', 'QA', 'OM', 'KW', 'EG', 'MA', 'DZ', 'TN', 'LB', 'JO', 'PS', 'IN', 'BY', 'KZ', 'MD', 'UA', 'AL', 'BA', 'HR', 'ME', 'MK', 'RS', 'SI', 'KR', 'BD', 'PK', 'LK', 'GH', 'KE', 'NG', 'TZ', 'UG', 'AG', 'AM', 'BS', 'BB', 'BZ', 'BT', 'BW', 'BF', 'CV', 'CW', 'DM', 'FJ', 'GM', 'GE', 'GD', 'GW', 'GY', 'HT', 'JM', 'KI', 'LS', 'LR', 'MW', 'MV', 'ML', 'MH', 'FM', 'NA', 'NR', 'NE', 'PW', 'PG', 'WS', 'SM', 'ST', 'SN', 'SC', 'SL', 'SB', 'KN', 'LC', 'VC', 'SR', 'TL', 'TO', 'TT', 'TV', 'VU', 'AZ', 'BN', 'BI', 'KH', 'CM', 'TD', 'KM', 'GQ', 'SZ', 'GA', 'GN', 'KG', 'LA', 'MO', 'MR', 'MN', 'NP', 'RW', 'TG', 'UZ', 'ZW', 'BJ', 'MG', 'MU', 'MZ', 'AO', 'CI', 'DJ', 'ZM', 'CD', 'CG', 'IQ', 'LY', 'TJ', 'VE', 'ET', 'XC', 'XK']",1,222245,False,{'spotify': 'https://open.spotify.com/track/1H84tvaXwJWMRczNwhs1TI'},https://api.spotify.com/v1/tracks/1H84tvaXwJWMRczNwhs1TI,1H84tvaXwJWMRczNwhs1TI,False,Knock Knock,https://p.scdn.co/mp3-preview/6abf851015d89a5b721ea6b24e53cc45f60427d8?cid=7e5c4955d03c412482338a09edc225b6,1,track,spotify:track:1H84tvaXwJWMRczNwhs1TI,Thái Đinh,spotify:artist:7lq25uVNvzRoAJgr4CYr8e,0.666,0.545,7,-10.388,1,0.117,0.655,0.0,0.124,0.546,155.935,222246,4,https://open.spotify.com/track/1H84tvaXwJWMRczNwhs1TI,,,
1,"[{'external_urls': {'spotify': 'https://open.spotify.com/artist/7lq25uVNvzRoAJgr4CYr8e'}, 'href': 'https://api.spotify.com/v1/artists/7lq25uVNvzRoAJgr4CYr8e', 'id': '7lq25uVNvzRoAJgr4CYr8e', 'name': 'Thái Đinh', 'type': 'artist', 'uri': 'spotify:artist:7lq25uVNvzRoAJgr4CYr8e'}, {'external_urls': {'spotify': 'https://open.spotify.com/artist/6lKBdKySIpWUb4tA7hYzU7'}, 'href': 'https://api.spotify.com/v1/artists/6lKBdKySIpWUb4tA7hYzU7', 'id': '6lKBdKySIpWUb4tA7hYzU7', 'name': 'Pixel Neko', 'type': 'artist', 'uri': 'spotify:artist:6lKBdKySIpWUb4tA7hYzU7'}]","['AR', 'AU', 'AT', 'BE', 'BO', 'BR', 'BG', 'CA', 'CL', 'CO', 'CR', 'CY', 'CZ', 'DK', 'DO', 'DE', 'EC', 'EE', 'SV', 'FI', 'FR', 'GR', 'GT', 'HN', 'HK', 'HU', 'IS', 'IE', 'IT', 'LV', 'LT', 'LU', 'MY', 'MT', 'MX', 'NL', 'NZ', 'NI', 'NO', 'PA', 'PY', 'PE', 'PH', 'PL', 'PT', 'SG', 'SK', 'ES', 'SE', 'CH', 'TW', 'TR', 'UY', 'US', 'GB', 'AD', 'LI', 'MC', 'ID', 'JP', 'TH', 'VN', 'RO', 'IL', 'ZA', 'SA', 'AE', 'BH', 'QA', 'OM', 'KW', 'EG', 'MA', 'DZ', 'TN', 'LB', 'JO', 'PS', 'IN', 'BY', 'KZ', 'MD', 'UA', 'AL', 'BA', 'HR', 'ME', 'MK', 'RS', 'SI', 'KR', 'BD', 'PK', 'LK', 'GH', 'KE', 'NG', 'TZ', 'UG', 'AG', 'AM', 'BS', 'BB', 'BZ', 'BT', 'BW', 'BF', 'CV', 'CW', 'DM', 'FJ', 'GM', 'GE', 'GD', 'GW', 'GY', 'HT', 'JM', 'KI', 'LS', 'LR', 'MW', 'MV', 'ML', 'MH', 'FM', 'NA', 'NR', 'NE', 'PW', 'PG', 'WS', 'SM', 'ST', 'SN', 'SC', 'SL', 'SB', 'KN', 'LC', 'VC', 'SR', 'TL', 'TO', 'TT', 'TV', 'VU', 'AZ', 'BN', 'BI', 'KH', 'CM', 'TD', 'KM', 'GQ', 'SZ', 'GA', 'GN', 'KG', 'LA', 'MO', 'MR', 'MN', 'NP', 'RW', 'TG', 'UZ', 'ZW', 'BJ', 'MG', 'MU', 'MZ', 'AO', 'CI', 'DJ', 'ZM', 'CD', 'CG', 'IQ', 'LY', 'TJ', 'VE', 'ET', 'XC', 'XK']",1,240129,False,{'spotify': 'https://open.spotify.com/track/3cdy0TOEmPRwU56vQMAMCA'},https://api.spotify.com/v1/tracks/3cdy0TOEmPRwU56vQMAMCA,3cdy0TOEmPRwU56vQMAMCA,False,Cafune,https://p.scdn.co/mp3-preview/2c61c58095e18a3b55b1feb362f59dd7c611bfeb?cid=7e5c4955d03c412482338a09edc225b6,2,track,spotify:track:3cdy0TOEmPRwU56vQMAMCA,Thái Đinh,spotify:artist:7lq25uVNvzRoAJgr4CYr8e,0.781,0.557,0,-7.924,1,0.0879,0.595,0.0,0.11,0.714,111.985,240130,4,https://open.spotify.com/track/3cdy0TOEmPRwU56vQMAMCA,,,
2,"[{'external_urls': {'spotify': 'https://open.spotify.com/artist/7lq25uVNvzRoAJgr4CYr8e'}, 'href': 'https://api.spotify.com/v1/artists/7lq25uVNvzRoAJgr4CYr8e', 'id': '7lq25uVNvzRoAJgr4CYr8e', 'name': 'Thái Đinh', 'type': 'artist', 'uri': 'spotify:artist:7lq25uVNvzRoAJgr4CYr8e'}]","['AR', 'AU', 'AT', 'BE', 'BO', 'BR', 'BG', 'CA', 'CL', 'CO', 'CR', 'CY', 'CZ', 'DK', 'DO', 'DE', 'EC', 'EE', 'SV', 'FI', 'FR', 'GR', 'GT', 'HN', 'HK', 'HU', 'IS', 'IE', 'IT', 'LV', 'LT', 'LU', 'MY', 'MT', 'MX', 'NL', 'NZ', 'NI', 'NO', 'PA', 'PY', 'PE', 'PH', 'PL', 'PT', 'SG', 'SK', 'ES', 'SE', 'CH', 'TW', 'TR', 'UY', 'US', 'GB', 'AD', 'LI', 'MC', 'ID', 'JP', 'TH', 'VN', 'RO', 'IL', 'ZA', 'SA', 'AE', 'BH', 'QA', 'OM', 'KW', 'EG', 'MA', 'DZ', 'TN', 'LB', 'JO', 'PS', 'IN', 'BY', 'KZ', 'MD', 'UA', 'AL', 'BA', 'HR', 'ME', 'MK', 'RS', 'SI', 'KR', 'BD', 'PK', 'LK', 'GH', 'KE', 'NG', 'TZ', 'UG', 'AG', 'AM', 'BS', 'BB', 'BZ', 'BT', 'BW', 'BF', 'CV', 'CW', 'DM', 'FJ', 'GM', 'GE', 'GD', 'GW', 'GY', 'HT', 'JM', 'KI', 'LS', 'LR', 'MW', 'MV', 'ML', 'MH', 'FM', 'NA', 'NR', 'NE', 'PW', 'PG', 'WS', 'SM', 'ST', 'SN', 'SC', 'SL', 'SB', 'KN', 'LC', 'VC', 'SR', 'TL', 'TO', 'TT', 'TV', 'VU', 'AZ', 'BN', 'BI', 'KH', 'CM', 'TD', 'KM', 'GQ', 'SZ', 'GA', 'GN', 'KG', 'LA', 'MO', 'MR', 'MN', 'NP', 'RW', 'TG', 'UZ', 'ZW', 'BJ', 'MG', 'MU', 'MZ', 'AO', 'CI', 'DJ', 'ZM', 'CD', 'CG', 'IQ', 'LY', 'TJ', 'VE', 'ET', 'XC', 'XK']",1,230000,False,{'spotify': 'https://open.spotify.com/track/4BjmuxAqu3u9tbc5ZjTsJN'},https://api.spotify.com/v1/tracks/4BjmuxAqu3u9tbc5ZjTsJN,4BjmuxAqu3u9tbc5ZjTsJN,False,Sao Thế,https://p.scdn.co/mp3-preview/f96081f3c8eadd80e61f8c56120b66deeb187f1d?cid=7e5c4955d03c412482338a09edc225b6,3,track,spotify:track:4BjmuxAqu3u9tbc5ZjTsJN,Thái Đinh,spotify:artist:7lq25uVNvzRoAJgr4CYr8e,0.553,0.56,5,-8.15,0,0.0769,0.784,0.391,0.168,0.584,72.906,230000,4,https://open.spotify.com/track/4BjmuxAqu3u9tbc5ZjTsJN,,,
3,"[{'external_urls': {'spotify': 'https://open.spotify.com/artist/7lq25uVNvzRoAJgr4CYr8e'}, 'href': 'https://api.spotify.com/v1/artists/7lq25uVNvzRoAJgr4CYr8e', 'id': '7lq25uVNvzRoAJgr4CYr8e', 'name': 'Thái Đinh', 'type': 'artist', 'uri': 'spotify:artist:7lq25uVNvzRoAJgr4CYr8e'}]","['AR', 'AU', 'AT', 'BE', 'BO', 'BR', 'BG', 'CA', 'CL', 'CO', 'CR', 'CY', 'CZ', 'DK', 'DO', 'DE', 'EC', 'EE', 'SV', 'FI', 'FR', 'GR', 'GT', 'HN', 'HK', 'HU', 'IS', 'IE', 'IT', 'LV', 'LT', 'LU', 'MY', 'MT', 'MX', 'NL', 'NZ', 'NI', 'NO', 'PA', 'PY', 'PE', 'PH', 'PL', 'PT', 'SG', 'SK', 'ES', 'SE', 'CH', 'TW', 'TR', 'UY', 'US', 'GB', 'AD', 'LI', 'MC', 'ID', 'JP', 'TH', 'VN', 'RO', 'IL', 'ZA', 'SA', 'AE', 'BH', 'QA', 'OM', 'KW', 'EG', 'MA', 'DZ', 'TN', 'LB', 'JO', 'PS', 'IN', 'BY', 'KZ', 'MD', 'UA', 'AL', 'BA', 'HR', 'ME', 'MK', 'RS', 'SI', 'KR', 'BD', 'PK', 'LK', 'GH', 'KE', 'NG', 'TZ', 'UG', 'AG', 'AM', 'BS', 'BB', 'BZ', 'BT', 'BW', 'BF', 'CV', 'CW', 'DM', 'FJ', 'GM', 'GE', 'GD', 'GW', 'GY', 'HT', 'JM', 'KI', 'LS', 'LR', 'MW', 'MV', 'ML', 'MH', 'FM', 'NA', 'NR', 'NE', 'PW', 'PG', 'WS', 'SM', 'ST', 'SN', 'SC', 'SL', 'SB', 'KN', 'LC', 'VC', 'SR', 'TL', 'TO', 'TT', 'TV', 'VU', 'AZ', 'BN', 'BI', 'KH', 'CM', 'TD', 'KM', 'GQ', 'SZ', 'GA', 'GN', 'KG', 'LA', 'MO', 'MR', 'MN', 'NP', 'RW', 'TG', 'UZ', 'ZW', 'BJ', 'MG', 'MU', 'MZ', 'AO', 'CI', 'DJ', 'ZM', 'CD', 'CG', 'IQ', 'LY', 'TJ', 'VE', 'ET', 'XC', 'XK']",1,251000,False,{'spotify': 'https://open.spotify.com/track/7zDwlGDB1JeTuqT3Xr3m62'},https://api.spotify.com/v1/tracks/7zDwlGDB1JeTuqT3Xr3m62,7zDwlGDB1JeTuqT3Xr3m62,False,Miệng Nam Mô Bụng Một Bồ Dao Găm,https://p.scdn.co/mp3-preview/35c5a2ec01570e51029d6228dfe7e0737c4faa8e?cid=7e5c4955d03c412482338a09edc225b6,4,track,spotify:track:7zDwlGDB1JeTuqT3Xr3m62,Thái Đinh,spotify:artist:7lq25uVNvzRoAJgr4CYr8e,0.69,0.547,11,-6.84,0,0.034,0.407,0.000317,0.19,0.729,128.069,251000,4,https://open.spotify.com/track/7zDwlGDB1JeTuqT3Xr3m62,,,
4,"[{'external_urls': {'spotify': 'https://open.spotify.com/artist/7lq25uVNvzRoAJgr4CYr8e'}, 'href': 'https://api.spotify.com/v1/artists/7lq25uVNvzRoAJgr4CYr8e', 'id': '7lq25uVNvzRoAJgr4CYr8e', 'name': 'Thái Đinh', 'type': 'artist', 'uri': 'spotify:artist:7lq25uVNvzRoAJgr4CYr8e'}]","['AR', 'AU', 'AT', 'BE', 'BO', 'BR', 'BG', 'CA', 'CL', 'CO', 'CR', 'CY', 'CZ', 'DK', 'DO', 'DE', 'EC', 'EE', 'SV', 'FI', 'FR', 'GR', 'GT', 'HN', 'HK', 'HU', 'IS', 'IE', 'IT', 'LV', 'LT', 'LU', 'MY', 'MT', 'MX', 'NL', 'NZ', 'NI', 'NO', 'PA', 'PY', 'PE', 'PH', 'PL', 'PT', 'SG', 'SK', 'ES', 'SE', 'CH', 'TW', 'TR', 'UY', 'US', 'GB', 'AD', 'LI', 'MC', 'ID', 'JP', 'TH', 'VN', 'RO', 'IL', 'ZA', 'SA', 'AE', 'BH', 'QA', 'OM', 'KW', 'EG', 'MA', 'DZ', 'TN', 'LB', 'JO', 'PS', 'IN', 'BY', 'KZ', 'MD', 'UA', 'AL', 'BA', 'HR', 'ME', 'MK', 'RS', 'SI', 'KR', 'BD', 'PK', 'LK', 'GH', 'KE', 'NG', 'TZ', 'UG', 'AG', 'AM', 'BS', 'BB', 'BZ', 'BT', 'BW', 'BF', 'CV', 'CW', 'DM', 'FJ', 'GM', 'GE', 'GD', 'GW', 'GY', 'HT', 'JM', 'KI', 'LS', 'LR', 'MW', 'MV', 'ML', 'MH', 'FM', 'NA', 'NR', 'NE', 'PW', 'PG', 'WS', 'SM', 'ST', 'SN', 'SC', 'SL', 'SB', 'KN', 'LC', 'VC', 'SR', 'TL', 'TO', 'TT', 'TV', 'VU', 'AZ', 'BN', 'BI', 'KH', 'CM', 'TD', 'KM', 'GQ', 'SZ', 'GA', 'GN', 'KG', 'LA', 'MO', 'MR', 'MN', 'NP', 'RW', 'TG', 'UZ', 'ZW', 'BJ', 'MG', 'MU', 'MZ', 'AO', 'CI', 'DJ', 'ZM', 'CD', 'CG', 'IQ', 'LY', 'TJ', 'VE', 'ET', 'XC', 'XK']",1,367000,False,{'spotify': 'https://open.spotify.com/track/28klZ7ohatMv8SlHgMKU4d'},https://api.spotify.com/v1/tracks/28klZ7ohatMv8SlHgMKU4d,28klZ7ohatMv8SlHgMKU4d,False,Những Vết Thương,https://p.scdn.co/mp3-preview/53d44f79fe1b37f1d2c7fbbad07a4ef1cb666843?cid=7e5c4955d03c412482338a09edc225b6,5,track,spotify:track:28klZ7ohatMv8SlHgMKU4d,Thái Đinh,spotify:artist:7lq25uVNvzRoAJgr4CYr8e,0.62,0.338,0,-8.396,1,0.0333,0.839,2.06e-06,0.129,0.269,119.777,367000,3,https://open.spotify.com/track/28klZ7ohatMv8SlHgMKU4d,,,
5,"[{'external_urls': {'spotify': 'https://open.spotify.com/artist/7lq25uVNvzRoAJgr4CYr8e'}, 'href': 'https://api.spotify.com/v1/artists/7lq25uVNvzRoAJgr4CYr8e', 'id': '7lq25uVNvzRoAJgr4CYr8e', 'name': 'Thái Đinh', 'type': 'artist', 'uri': 'spotify:artist:7lq25uVNvzRoAJgr4CYr8e'}]","['AR', 'AU', 'AT', 'BE', 'BO', 'BR', 'BG', 'CA', 'CL', 'CO', 'CR', 'CY', 'CZ', 'DK', 'DO', 'DE', 'EC', 'EE', 'SV', 'FI', 'FR', 'GR', 'GT', 'HN', 'HK', 'HU', 'IS', 'IE', 'IT', 'LV', 'LT', 'LU', 'MY', 'MT', 'MX', 'NL', 'NZ', 'NI', 'NO', 'PA', 'PY', 'PE', 'PH', 'PL', 'PT', 'SG', 'SK', 'ES', 'SE', 'CH', 'TW', 'TR', 'UY', 'US', 'GB', 'AD', 'LI', 'MC', 'ID', 'JP', 'TH', 'VN', 'RO', 'IL', 'ZA', 'SA', 'AE', 'BH', 'QA', 'OM', 'KW', 'EG', 'MA', 'DZ', 'TN', 'LB', 'JO', 'PS', 'IN', 'BY', 'KZ', 'MD', 'UA', 'AL', 'BA', 'HR', 'ME', 'MK', 'RS', 'SI', 'KR', 'BD', 'PK', 'LK', 'GH', 'KE', 'NG', 'TZ', 'UG', 'AG', 'AM', 'BS', 'BB', 'BZ', 'BT', 'BW', 'BF', 'CV', 'CW', 'DM', 'FJ', 'GM', 'GE', 'GD', 'GW', 'GY', 'HT', 'JM', 'KI', 'LS', 'LR', 'MW', 'MV', 'ML', 'MH', 'FM', 'NA', 'NR', 'NE', 'PW', 'PG', 'WS', 'SM', 'ST', 'SN', 'SC', 'SL', 'SB', 'KN', 'LC', 'VC', 'SR', 'TL', 'TO', 'TT', 'TV', 'VU', 'AZ', 'BN', 'BI', 'KH', 'CM', 'TD', 'KM', 'GQ', 'SZ', 'GA', 'GN', 'KG', 'LA', 'MO', 'MR', 'MN', 'NP', 'RW', 'TG', 'UZ', 'ZW', 'BJ', 'MG', 'MU', 'MZ', 'AO', 'CI', 'DJ', 'ZM', 'CD', 'CG', 'IQ', 'LY', 'TJ', 'VE', 'ET', 'XC', 'XK']",1,341014,False,{'spotify': 'https://open.spotify.com/track/2BCwgB99xwtOPTtLv1Rybn'},https://api.spotify.com/v1/tracks/2BCwgB99xwtOPTtLv1Rybn,2BCwgB99xwtOPTtLv1Rybn,False,Thợ Sửa Khoá,https://p.scdn.co/mp3-preview/9eb84da3ed6509b18bf5c2a43d524b14a2be8275?cid=7e5c4955d03c412482338a09edc225b6,6,track,spotify:track:2BCwgB99xwtOPTtLv1Rybn,Thái Đinh,spotify:artist:7lq25uVNvzRoAJgr4CYr8e,0.352,0.227,7,-10.089,1,0.0333,0.948,0.000829,0.125,0.426,179.117,341014,4,https://open.spotify.com/track/2BCwgB99xwtOPTtLv1Rybn,,,
6,"[{'external_urls': {'spotify': 'https://open.spotify.com/artist/7lq25uVNvzRoAJgr4CYr8e'}, 'href': 'https://api.spotify.com/v1/artists/7lq25uVNvzRoAJgr4CYr8e', 'id': '7lq25uVNvzRoAJgr4CYr8e', 'name': 'Thái Đinh', 'type': 'artist', 'uri': 'spotify:artist:7lq25uVNvzRoAJgr4CYr8e'}]","['AR', 'AU', 'AT', 'BE', 'BO', 'BR', 'BG', 'CA', 'CL', 'CO', 'CR', 'CY', 'CZ', 'DK', 'DO', 'DE', 'EC', 'EE', 'SV', 'FI', 'FR', 'GR', 'GT', 'HN', 'HK', 'HU', 'IS', 'IE', 'IT', 'LV', 'LT', 'LU', 'MY', 'MT', 'MX', 'NL', 'NZ', 'NI', 'NO', 'PA', 'PY', 'PE', 'PH', 'PL', 'PT', 'SG', 'SK', 'ES', 'SE', 'CH', 'TW', 'TR', 'UY', 'US', 'GB', 'AD', 'LI', 'MC', 'ID', 'JP', 'TH', 'VN', 'RO', 'IL', 'ZA', 'SA', 'AE', 'BH', 'QA', 'OM', 'KW', 'EG', 'MA', 'DZ', 'TN', 'LB', 'JO', 'PS', 'IN', 'BY', 'KZ', 'MD', 'UA', 'AL', 'BA', 'HR', 'ME', 'MK', 'RS', 'SI', 'KR', 'BD', 'PK', 'LK', 'GH', 'KE', 'NG', 'TZ', 'UG', 'AG', 'AM', 'BS', 'BB', 'BZ', 'BT', 'BW', 'BF', 'CV', 'CW', 'DM', 'FJ', 'GM', 'GE', 'GD', 'GW', 'GY', 'HT', 'JM', 'KI', 'LS', 'LR', 'MW', 'MV', 'ML', 'MH', 'FM', 'NA', 'NR', 'NE', 'PW', 'PG', 'WS', 'SM', 'ST', 'SN', 'SC', 'SL', 'SB', 'KN', 'LC', 'VC', 'SR', 'TL', 'TO', 'TT', 'TV', 'VU', 'AZ', 'BN', 'BI', 'KH', 'CM', 'TD', 'KM', 'GQ', 'SZ', 'GA', 'GN', 'KG', 'LA', 'MO', 'MR', 'MN', 'NP', 'RW', 'TG', 'UZ', 'ZW', 'BJ', 'MG', 'MU', 'MZ', 'AO', 'CI', 'DJ', 'ZM', 'CD', 'CG', 'IQ', 'LY', 'TJ', 'VE', 'ET', 'XC', 'XK']",1,297815,False,{'spotify': 'https://open.spotify.com/track/49vvdpMwaa5k9CfDSGtBRS'},https://api.spotify.com/v1/tracks/49vvdpMwaa5k9CfDSGtBRS,49vvdpMwaa5k9CfDSGtBRS,False,Xuân Úa,https://p.scdn.co/mp3-preview/8c5389d2109fdbd9f6f1bf3d54aef779cb9646c9?cid=7e5c4955d03c412482338a09edc225b6,7,track,spotify:track:49vvdpMwaa5k9CfDSGtBRS,Thái Đinh,spotify:artist:7lq25uVNvzRoAJgr4CYr8e,0.284,0.571,11,-7.245,0,0.0498,0.679,0.00152,0.108,0.392,187.774,297815,3,https://open.spotify.com/track/49vvdpMwaa5k9CfDSGtBRS,,,
7,"[{'external_urls': {'spotify': 'https://open.spotify.com/artist/7lq25uVNvzRoAJgr4CYr8e'}, 'href': 'https://api.spotify.com/v1/artists/7lq25uVNvzRoAJgr4CYr8e', 'id': '7lq25uVNvzRoAJgr4CYr8e', 'name': 'Thái Đinh', 'type': 'artist', 'uri': 'spotify:artist:7lq25uVNvzRoAJgr4CYr8e'}]","['AR', 'AU', 'AT', 'BE', 'BO', 'BR', 'BG', 'CA', 'CL', 'CO', 'CR', 'CY', 'CZ', 'DK', 'DO', 'DE', 'EC', 'EE', 'SV', 'FI', 'FR', 'GR', 'GT', 'HN', 'HK', 'HU', 'IS', 'IE', 'IT', 'LV', 'LT', 'LU', 'MY', 'MT', 'MX', 'NL', 'NZ', 'NI', 'NO', 'PA', 'PY', 'PE', 'PH', 'PL', 'PT', 'SG', 'SK', 'ES', 'SE', 'CH', 'TW', 'TR', 'UY', 'US', 'GB', 'AD', 'LI', 'MC', 'ID', 'JP', 'TH', 'VN', 'RO', 'IL', 'ZA', 'SA', 'AE', 'BH', 'QA', 'OM', 'KW', 'EG', 'MA', 'DZ', 'TN', 'LB', 'JO', 'PS', 'IN', 'KZ', 'MD', 'UA', 'AL', 'BA', 'HR', 'ME', 'MK', 'RS', 'SI', 'KR', 'BD', 'PK', 'LK', 'GH', 'KE', 'NG', 'TZ', 'UG', 'AG', 'AM', 'BS', 'BB', 'BZ', 'BT', 'BW', 'BF', 'CV', 'CW', 'DM', 'FJ', 'GM', 'GE', 'GD', 'GW', 'GY', 'HT', 'JM', 'KI', 'LS', 'LR', 'MW', 'MV', 'ML', 'MH', 'FM', 'NA', 'NR', 'NE', 'PW', 'PG', 'WS', 'SM', 'ST', 'SN', 'SC', 'SL', 'SB', 'KN', 'LC', 'VC', 'SR', 'TL', 'TO', 'TT', 'TV', 'VU', 'AZ', 'BN', 'BI', 'KH', 'CM', 'TD', 'KM', 'GQ', 'SZ', 'GA', 'GN', 'KG', 'LA', 'MO', 'MR', 'MN', 'NP', 'RW', 'TG', 'UZ', 'ZW', 'BJ', 'MG', 'MU', 'MZ', 'AO', 'CI', 'DJ', 'ZM', 'CD', 'CG', 'IQ', 'LY', 'TJ', 'VE', 'ET', 'XK']",1,331000,False,{'spotify': 'https://open.spotify.com/track/1HCJaKP7qLqhU2CFVi5fBR'},https://api.spotify.com/v1/tracks/1HCJaKP7qLqhU2CFVi5fBR,1HCJaKP7qLqhU2CFVi5fBR,False,Có Một Ngày Trời Không Nắng,https://p.scdn.co/mp3-preview/ca4f29593f3d80e3ef215040d054f744b165fb46?cid=7e5c4955d03c412482338a09edc225b6,1,track,spotify:track:1HCJaKP7qLqhU2CFVi5fBR,Thái Đinh,spotify:artist:7lq25uVNvzRoAJgr4CYr8e,0.473,0.238,3,-10.827,1,0.0289,0.98,0.431,0.132,0.321,79.858,331000,4,https://open.spotify.com/track/1HCJaKP7qLqhU2CFVi5fBR,,,
8,"[{'external_urls': {'spotify': 'https://open.spotify.com/artist/7lq25uVNvzRoAJgr4CYr8e'}, 'href': 'https://api.spotify.com/v1/artists/7lq25uVNvzRoAJgr4CYr8e', 'id': '7lq25uVNvzRoAJgr4CYr8e', 'name': 'Thái Đinh', 'type': 'artist', 'uri': 'spotify:artist:7lq25uVNvzRoAJgr4CYr8e'}, {'external_urls': {'spotify': 'https://open.spotify.com/artist/4j8ovS4KtDcGGvVq0dd51G'}, 'href': 'https://api.spotify.com/v1/artists/4j8ovS4KtDcGGvVq0dd51G', 'id': '4j8ovS4KtDcGGvVq0dd51G', 'name': 'NamKun', 'type': 'artist', 'uri': 'spotify:artist:4j8ovS4KtDcGGvVq0dd51G'}, {'external_urls': {'spotify': 'https://open.spotify.com/artist/3euFcFd5Dc7JAz6t7oKg7m'}, 'href': 'https://api.spotify.com/v1/artists/3euFcFd5Dc7JAz6t7oKg7m', 'id': '3euFcFd5Dc7JAz6t7oKg7m', 'name': 'BMZ', 'type': 'artist', 'uri': 'spotify:artist:3euFcFd5Dc7JAz6t7oKg7m'}]","['AR', 'AU', 'AT', 'BE', 'BO', 'BR', 'BG', 'CA', 'CL', 'CO', 'CR', 'CY', 'CZ', 'DK', 'DO', 'DE', 'EC', 'EE', 'SV', 'FI', 'FR', 'GR', 'GT', 'HN', 'HK', 'HU', 'IS', 'IE', 'IT', 'LV', 'LT', 'LU', 'MY', 'MT', 'MX', 'NL', 'NZ', 'NI', 'NO', 'PA', 'PY', 'PE', 'PH', 'PL', 'PT', 'SG', 'SK', 'ES', 'SE', 'CH', 'TW', 'TR', 'UY', 'US', 'GB', 'AD', 'LI', 'MC', 'ID', 'JP', 'TH', 'VN', 'RO', 'IL', 'ZA', 'SA', 'AE', 'BH', 'QA', 'OM', 'KW', 'EG', 'MA', 'DZ', 'TN', 'LB', 'JO', 'PS', 'IN', 'BY', 'KZ', 'MD', 'UA', 'AL', 'BA', 'HR', 'ME', 'MK', 'RS', 'SI', 'KR', 'BD', 'PK', 'LK', 'GH', 'KE', 'NG', 'TZ', 'UG', 'AG', 'AM', 'BS', 'BB', 'BZ', 'BT', 'BW', 'BF', 'CV', 'CW', 'DM', 'FJ', 'GM', 'GE', 'GD', 'GW', 'GY', 'HT', 'JM', 'KI', 'LS', 'LR', 'MW', 'MV', 'ML', 'MH', 'FM', 'NA', 'NR', 'NE', 'PW', 'PG', 'WS', 'SM', 'ST', 'SN', 'SC', 'SL', 'SB', 'KN', 'LC', 'VC', 'SR', 'TL', 'TO', 'TT', 'TV', 'VU', 'AZ', 'BN', 'BI', 'KH', 'CM', 'TD', 'KM', 'GQ', 'SZ', 'GA', 'GN', 'KG', 'LA', 'MO', 'MR', 'MN', 'NP', 'RW', 'TG', 'UZ', 'ZW', 'BJ', 'MG', 'MU', 'MZ', 'AO', 'CI', 'DJ', 'ZM', 'CD', 'CG', 'IQ', 'LY', 'TJ', 'VE', 'ET', 'XC', 'XK']",1,290000,False,{'spotify': 'https://open.spotify.com/track/32PhWKk1S8C2bMWYrYkHE2'},https://api.spotify.com/v1/tracks/32PhWKk1S8C2bMWYrYkHE2,32PhWKk1S8C2bMWYrYkHE2,False,Hẹn Em Trong Ký Ức,https://p.scdn.co/mp3-preview/5da41169b4687c5653a1b7c071f2d5a683a562e3?cid=7e5c4955d03c412482338a09edc225b6,1,track,spotify:track:32PhWKk1S8C2bMWYrYkHE2,Thái Đinh,spotify:artist:7lq25uVNvzRoAJgr4CYr8e,0.575,0.242,7,-12.02,1,0.0347,0.816,1.61e-06,0.0753,0.349,143.979,290000,3,https://open.spotify.com/track/32PhWKk1S8C2bMWYrYkHE2,,,
9,"[{'external_urls': {'spotify': 'https://open.spotify.com/artist/7lq25uVNvzRoAJgr4CYr8e'}, 'href': 'https://api.spotify.com/v1/artists/7lq25uVNvzRoAJgr4CYr8e', 'id': '7lq25uVNvzRoAJgr4CYr8e', 'name': 'Thái Đinh', 'type': 'artist', 'uri': 'spotify:artist:7lq25uVNvzRoAJgr4CYr8e'}]","['AR', 'AU', 'AT', 'BE', 'BO', 'BR', 'BG', 'CA', 'CL', 'CO', 'CR', 'CY', 'CZ', 'DK', 'DO', 'DE', 'EC', 'EE', 'SV', 'FI', 'FR', 'GR', 'GT', 'HN', 'HK', 'HU', 'IS', 'IE', 'IT', 'LV', 'LT', 'LU', 'MY', 'MT', 'MX', 'NL', 'NZ', 'NI', 'NO', 'PA', 'PY', 'PE', 'PH', 'PL', 'PT', 'SG', 'SK', 'ES', 'SE', 'CH', 'TW', 'TR', 'UY', 'US', 'GB', 'AD', 'LI', 'MC', 'ID', 'JP', 'TH', 'VN', 'RO', 'IL', 'ZA', 'SA', 'AE', 'BH', 'QA', 'OM', 'KW', 'EG', 'MA', 'DZ', 'TN', 'LB', 'JO', 'PS', 'IN', 'KZ', 'MD', 'UA', 'AL', 'BA', 'HR', 'ME', 'MK', 'RS', 'SI', 'KR', 'BD', 'PK', 'LK', 'GH', 'KE', 'NG', 'TZ', 'UG', 'AG', 'AM', 'BS', 'BB', 'BZ', 'BT', 'BW', 'BF', 'CV', 'CW', 'DM', 'FJ', 'GM', 'GE', 'GD', 'GW', 'GY', 'HT', 'JM', 'KI', 'LS', 'LR', 'MW', 'MV', 'ML', 'MH', 'FM', 'NA', 'NR', 'NE', 'PW', 'PG', 'WS', 'SM', 'ST', 'SN', 'SC', 'SL', 'SB', 'KN', 'LC', 'VC', 'SR', 'TL', 'TO', 'TT', 'TV', 'VU', 'AZ', 'BN', 'BI', 'KH', 'CM', 'TD', 'KM', 'GQ', 'SZ', 'GA', 'GN', 'KG', 'LA', 'MO', 'MR', 'MN', 'NP', 'RW', 'TG', 'UZ', 'ZW', 'BJ', 'MG', 'MU', 'MZ', 'AO', 'CI', 'DJ', 'ZM', 'CD', 'CG', 'IQ', 'LY', 'TJ', 'VE', 'ET', 'XK']",1,340977,False,{'spotify': 'https://open.spotify.com/track/33Cm9i5j1vk9eKTNSy6mkU'},https://api.spotify.com/v1/tracks/33Cm9i5j1vk9eKTNSy6mkU,33Cm9i5j1vk9eKTNSy6mkU,False,Nghe Cô Ấy Khóc Trên Radio,https://p.scdn.co/mp3-preview/72bbf9bf803845c4d3b8eae3da5574ad4fc28e5b?cid=7e5c4955d03c412482338a09edc225b6,1,track,spotify:track:33Cm9i5j1vk9eKTNSy6mkU,Thái Đinh,spotify:artist:7lq25uVNvzRoAJgr4CYr8e,0.481,0.265,11,-7.024,1,0.0284,0.952,0.0388,0.215,0.346,83.933,340978,4,https://open.spotify.com/track/33Cm9i5j1vk9eKTNSy6mkU,,,
10,"[{'external_urls': {'spotify': 'https://open.spotify.com/artist/7lq25uVNvzRoAJgr4CYr8e'}, 'href': 'https://api.spotify.com/v1/artists/7lq25uVNvzRoAJgr4CYr8e', 'id': '7lq25uVNvzRoAJgr4CYr8e', 'name': 'Thái Đinh', 'type': 'artist', 'uri': 'spotify:artist:7lq25uVNvzRoAJgr4CYr8e'}]","['AR', 'AU', 'AT', 'BE', 'BO', 'BR', 'BG', 'CA', 'CL', 'CO', 'CR', 'CY', 'CZ', 'DK', 'DO', 'DE', 'EC', 'EE', 'SV', 'FI', 'FR', 'GR', 'GT', 'HN', 'HK', 'HU', 'IS', 'IE', 'IT', 'LV', 'LT', 'LU', 'MY', 'MT', 'MX', 'NL', 'NZ', 'NI', 'NO', 'PA', 'PY', 'PE', 'PH', 'PL', 'PT', 'SG', 'SK', 'ES', 'SE', 'CH', 'TW', 'TR', 'UY', 'US', 'GB', 'AD', 'LI', 'MC', 'ID', 'JP', 'TH', 'VN', 'RO', 'IL', 'ZA', 'SA', 'AE', 'BH', 'QA', 'OM', 'KW', 'EG', 'MA', 'DZ', 'TN', 'LB', 'JO', 'PS', 'IN', 'KZ', 'MD', 'UA', 'AL', 'BA', 'HR', 'ME', 'MK', 'RS', 'SI', 'KR', 'BD', 'PK', 'LK', 'GH', 'KE', 'NG', 'TZ', 'UG', 'AG', 'AM', 'BS', 'BB', 'BZ', 'BT', 'BW', 'BF', 'CV', 'CW', 'DM', 'FJ', 'GM', 'GE', 'GD', 'GW', 'GY', 'HT', 'JM', 'KI', 'LS', 'LR', 'MW', 'MV', 'ML', 'MH', 'FM', 'NA', 'NR', 'NE', 'PW', 'PG', 'WS', 'SM', 'ST', 'SN', 'SC', 'SL', 'SB', 'KN', 'LC', 'VC', 'SR', 'TL', 'TO', 'TT', 'TV', 'VU', 'AZ', 'BN', 'BI', 'KH', 'CM', 'TD', 'KM', 'GQ', 'SZ', 'GA', 'GN', 'KG', 'LA', 'MO', 'MR', 'MN', 'NP', 'RW', 'TG', 'UZ', 'ZW', 'BJ', 'MG', 'MU', 'MZ', 'AO', 'CI', 'DJ', 'ZM', 'CD', 'CG', 'IQ', 'LY', 'TJ', 'VE', 'ET', 'XK']",1,300284,False,{'spotify': 'https://open.spotify.com/track/5SI9MxiClYBf1fXtfCOFz7'},https://api.spotify.com/v1/tracks/5SI9MxiClYBf1fXtfCOFz7,5SI9MxiClYBf1fXtfCOFz7,False,Nghe Cô Ấy Khóc Trên Radio - Acoustic Version,https://p.scdn.co/mp3-preview/c9a8f673d653ae458454ef633aa016b68501f08a?cid=7e5c4955d03c412482338a09edc225b6,2,track,spotify:track:5SI9MxiClYBf1fXtfCOFz7,Thái Đinh,spotify:artist:7lq25uVNvzRoAJgr4CYr8e,0.479,0.0821,11,-15.681,1,0.0524,0.928,0.0,0.074,0.407,167.291,300284,4,https://open.spotify.com/track/5SI9MxiClYBf1fXtfCOFz7,,,
11,"[{'external_urls': {'spotify': 'https://open.spotify.com/artist/7lq25uVNvzRoAJgr4CYr8e'}, 'href': 'https://api.spotify.com/v1/artists/7lq25uVNvzRoAJgr4CYr8e', 'id': '7lq25uVNvzRoAJgr4CYr8e', 'name': 'Thái Đinh', 'type': 'artist', 'uri': 'spotify:artist:7lq25uVNvzRoAJgr4CYr8e'}]","['AR', 'AU', 'AT', 'BE', 'BO', 'BR', 'BG', 'CA', 'CL', 'CO', 'CR', 'CY', 'CZ', 'DK', 'DO', 'DE', 'EC', 'EE', 'SV', 'FI', 'FR', 'GR', 'GT', 'HN', 'HK', 'HU', 'IS', 'IE', 'IT', 'LV', 'LT', 'LU', 'MY', 'MT', 'MX', 'NL', 'NZ', 'NI', 'NO', 'PA', 'PY', 'PE', 'PH', 'PL', 'PT', 'SG', 'SK', 'ES', 'SE', 'CH', 'TW', 'TR', 'UY', 'US', 'GB', 'AD', 'LI', 'MC', 'ID', 'JP', 'TH', 'VN', 'RO', 'IL', 'ZA', 'SA', 'AE', 'BH', 'QA', 'OM', 'KW', 'EG', 'MA', 'DZ', 'TN', 'LB', 'JO', 'PS', 'IN', 'KZ', 'MD', 'UA', 'AL', 'BA', 'HR', 'ME', 'MK', 'RS', 'SI', 'KR', 'BD', 'PK', 'LK', 'GH', 'KE', 'NG', 'TZ', 'UG', 'AG', 'AM', 'BS', 'BB', 'BZ', 'BT', 'BW', 'BF', 'CV', 'CW', 'DM', 'FJ', 'GM', 'GE', 'GD', 'GW', 'GY', 'HT', 'JM', 'KI', 'LS', 'LR', 'MW', 'MV', 'ML', 'MH', 'FM', 'NA', 'NR', 'NE', 'PW', 'PG', 'WS', 'SM', 'ST', 'SN', 'SC', 'SL', 'SB', 'KN', 'LC', 'VC', 'SR', 'TL', 'TO', 'TT', 'TV', 'VU', 'AZ', 'BN', 'BI', 'KH', 'CM', 'TD', 'KM', 'GQ', 'SZ', 'GA', 'GN', 'KG', 'LA', 'MO', 'MR', 'MN', 'NP', 'RW', 'TG', 'UZ', 'ZW', 'BJ', 'MG', 'MU', 'MZ', 'AO', 'CI', 'DJ', 'ZM', 'CD', 'CG', 'IQ', 'LY', 'TJ', 'VE', 'ET', 'XK']",1,340977,False,{'spotify': 'https://open.spotify.com/track/0qqciofigGTiYoqg3IQh4O'},https://api.spotify.com/v1/tracks/0qqciofigGTiYoqg3IQh4O,0qqciofigGTiYoqg3IQh4O,False,Nghe Cô Ấy Khóc Trên Radio,https://p.scdn.co/mp3-preview/72bbf9bf803845c4d3b8eae3da5574ad4fc28e5b?cid=7e5c4955d03c412482338a09edc225b6,1,track,spotify:track:0qqciofigGTiYoqg3IQh4O,Thái Đinh,spotify:artist:7lq25uVNvzRoAJgr4CYr8e,0.481,0.265,11,-7.024,1,0.0284,0.952,0.0388,0.215,0.346,83.933,340978,4,https://open.spotify.com/track/0qqciofigGTiYoqg3IQh4O,,,
12,"[{'external_urls': {'spotify': 'https://open.spotify.com/artist/7lq25uVNvzRoAJgr4CYr8e'}, 'href': 'https://api.spotify.com/v1/artists/7lq25uVNvzRoAJgr4CYr8e', 'id': '7lq25uVNvzRoAJgr4CYr8e', 'name': 'Thái Đinh', 'type': 'artist', 'uri': 'spotify:artist:7lq25uVNvzRoAJgr4CYr8e'}]","['AR', 'AU', 'AT', 'BE', 'BO', 'BR', 'BG', 'CA', 'CL', 'CO', 'CR', 'CY', 'CZ', 'DK', 'DO', 'DE', 'EC', 'EE', 'SV', 'FI', 'FR', 'GR', 'GT', 'HN', 'HK', 'HU', 'IS', 'IE', 'IT', 'LV', 'LT', 'LU', 'MY', 'MT', 'MX', 'NL', 'NZ', 'NI', 'NO', 'PA', 'PY', 'PE', 'PH', 'PL', 'PT', 'SG', 'SK', 'ES', 'SE', 'CH', 'TW', 'TR', 'UY', 'US', 'GB', 'AD', 'LI', 'MC', 'ID', 'JP', 'TH', 'VN', 'RO', 'IL', 'ZA', 'SA', 'AE', 'BH', 'QA', 'OM', 'KW', 'EG', 'MA', 'DZ', 'TN', 'LB', 'JO', 'PS', 'IN', 'BY', 'KZ', 'MD', 'UA', 'AL', 'BA', 'HR', 'ME', 'MK', 'RS', 'SI', 'KR', 'BD', 'PK', 'LK', 'GH', 'KE', 'NG', 'TZ', 'UG', 'AG', 'AM', 'BS', 'BB', 'BZ', 'BT', 'BW', 'BF', 'CV', 'CW', 'DM', 'FJ', 'GM', 'GE', 'GD', 'GW', 'GY', 'HT', 'JM', 'KI', 'LS', 'LR', 'MW', 'MV', 'ML', 'MH', 'FM', 'NA', 'NR', 'NE', 'PW', 'PG', 'WS', 'SM', 'ST', 'SN', 'SC', 'SL', 'SB', 'KN', 'LC', 'VC', 'SR', 'TL', 'TO', 'TT', 'TV', 'VU', 'AZ', 'BN', 'BI', 'KH', 'CM', 'TD', 'KM', 'GQ', 'SZ', 'GA', 'GN', 'KG', 'LA', 'MO', 'MR', 'MN', 'NP', 'RW', 'TG', 'UZ', 'ZW', 'BJ', 'MG', 'MU', 'MZ', 'AO', 'CI', 'DJ', 'ZM', 'CD', 'CG', 'IQ', 'LY', 'TJ', 'VE', 'ET', 'XK']",1,393166,False,{'spotify': 'https://open.spotify.com/track/2zKiYxW5ly8Ik5IfL8IUs1'},https://api.spotify.com/v1/tracks/2zKiYxW5ly8Ik5IfL8IUs1,2zKiYxW5ly8Ik5IfL8IUs1,False,Mùa Ly Bỏ Lại,https://p.scdn.co/mp3-preview/569325b7c54e3ebcb770eac6684ac5e2c26d25be?cid=7e5c4955d03c412482338a09edc225b6,1,track,spotify:track:2zKiYxW5ly8Ik5IfL8IUs1,Thái Đinh,spotify:artist:7lq25uVNvzRoAJgr4CYr8e,0.47,0.363,10,-8.336,1,0.0307,0.917,0.000187,0.147,0.253,129.111,393166,4,https://open.spotify.com/track/2zKiYxW5ly8Ik5IfL8IUs1,12,https://open.spotify.com/track/2zKiYxW5ly8Ik5IfL8IUs1?si=7d3fd3f352bf4662,37
13,"[{'external_urls': {'spotify': 'https://open.spotify.com/artist/7lq25uVNvzRoAJgr4CYr8e'}, 'href': 'https://api.spotify.com/v1/artists/7lq25uVNvzRoAJgr4CYr8e', 'id': '7lq25uVNvzRoAJgr4CYr8e', 'name': 'Thái Đinh', 'type': 'artist', 'uri': 'spotify:artist:7lq25uVNvzRoAJgr4CYr8e'}]","['AR', 'AU', 'AT', 'BE', 'BO', 'BR', 'BG', 'CA', 'CL', 'CO', 'CR', 'CY', 'CZ', 'DK', 'DO', 'DE', 'EC', 'EE', 'SV', 'FI', 'FR', 'GR', 'GT', 'HN', 'HK', 'HU', 'IS', 'IE', 'IT', 'LV', 'LT', 'LU', 'MY', 'MT', 'MX', 'NL', 'NZ', 'NI', 'NO', 'PA', 'PY', 'PE', 'PH', 'PL', 'PT', 'SG', 'SK', 'ES', 'SE', 'CH', 'TW', 'TR', 'UY', 'US', 'GB', 'AD', 'LI', 'MC', 'ID', 'JP', 'TH', 'VN', 'RO', 'IL', 'ZA', 'SA', 'AE', 'BH', 'QA', 'OM', 'KW', 'EG', 'MA', 'DZ', 'TN', 'LB', 'JO', 'PS', 'IN', 'BY', 'KZ', 'MD', 'UA', 'AL', 'BA', 'HR', 'ME', 'MK', 'RS', 'SI', 'KR', 'BD', 'PK', 'LK', 'GH', 'KE', 'NG', 'TZ', 'UG', 'AG', 'AM', 'BS', 'BB', 'BZ', 'BT', 'BW', 'BF', 'CV', 'CW', 'DM', 'FJ', 'GM', 'GE', 'GD', 'GW', 'GY', 'HT', 'JM', 'KI', 'LS', 'LR', 'MW', 'MV', 'ML', 'MH', 'FM', 'NA', 'NR', 'NE', 'PW', 'PG', 'WS', 'SM', 'ST', 'SN', 'SC', 'SL', 'SB', 'KN', 'LC', 'VC', 'SR', 'TL', 'TO', 'TT', 'TV', 'VU', 'AZ', 'BN', 'BI', 'KH', 'CM', 'TD', 'KM', 'GQ', 'SZ', 'GA', 'GN', 'KG', 'LA', 'MO', 'MR', 'MN', 'NP', 'RW', 'TG', 'UZ', 'ZW', 'BJ', 'MG', 'MU', 'MZ', 'AO', 'CI', 'DJ', 'ZM', 'CD', 'CG', 'IQ', 'LY', 'TJ', 'VE', 'ET', 'XC', 'XK']",1,328000,False,{'spotify': 'https://open.spotify.com/track/3JSKs5GksxxGvl0CgVGULb'},https://api.spotify.com/v1/tracks/3JSKs5GksxxGvl0CgVGULb,3JSKs5GksxxGvl0CgVGULb,False,Mộng Điệp Phù Dung,https://p.scdn.co/mp3-preview/c1157b31f17f63c3d550bc912d480382e1bae9f6?cid=7e5c4955d03c412482338a09edc225b6,1,track,spotify:track:3JSKs5GksxxGvl0CgVGULb,Thái Đinh,spotify:artist:7lq25uVNvzRoAJgr4CYr8e,0.351,0.338,7,-8.755,1,0.0286,0.939,0.0158,0.141,0.298,169.503,328000,4,https://open.spotify.com/track/3JSKs5GksxxGvl0CgVGULb,,,
14,"[{'external_urls': {'spotify': 'https://open.spotify.com/artist/7lq25uVNvzRoAJgr4CYr8e'}, 'href': 'https://api.spotify.com/v1/artists/7lq25uVNvzRoAJgr4CYr8e', 'id': '7lq25uVNvzRoAJgr4CYr8e', 'name': 'Thái Đinh', 'type': 'artist', 'uri': 'spotify:artist:7lq25uVNvzRoAJgr4CYr8e'}]","['AR', 'AU', 'AT', 'BE', 'BO', 'BR', 'BG', 'CA', 'CL', 'CO', 'CR', 'CY', 'CZ', 'DK', 'DO', 'DE', 'EC', 'EE', 'SV', 'FI', 'FR', 'GR', 'GT', 'HN', 'HK', 'HU', 'IS', 'IE', 'IT', 'LV', 'LT', 'LU', 'MY', 'MT', 'MX', 'NL', 'NZ', 'NI', 'NO', 'PA', 'PY', 'PE', 'PH', 'PL', 'PT', 'SG', 'SK', 'ES', 'SE', 'CH', 'TW', 'TR', 'UY', 'US', 'GB', 'AD', 'LI', 'MC', 'ID', 'JP', 'TH', 'VN', 'RO', 'IL', 'ZA', 'SA', 'AE', 'BH', 'QA', 'OM', 'KW', 'EG', 'MA', 'DZ', 'TN', 'LB', 'JO', 'PS', 'IN', 'BY', 'KZ', 'MD', 'UA', 'AL', 'BA', 'HR', 'ME', 'MK', 'RS', 'SI', 'KR', 'BD', 'PK', 'LK', 'GH', 'KE', 'NG', 'TZ', 'UG', 'AG', 'AM', 'BS', 'BB', 'BZ', 'BT', 'BW', 'BF', 'CV', 'CW', 'DM', 'FJ', 'GM', 'GE', 'GD', 'GW', 'GY', 'HT', 'JM', 'KI', 'LS', 'LR', 'MW', 'MV', 'ML', 'MH', 'FM', 'NA', 'NR', 'NE', 'PW', 'PG', 'WS', 'SM', 'ST', 'SN', 'SC', 'SL', 'SB', 'KN', 'LC', 'VC', 'SR', 'TL', 'TO', 'TT', 'TV', 'VU', 'AZ', 'BN', 'BI', 'KH', 'CM', 'TD', 'KM', 'GQ', 'SZ', 'GA', 'GN', 'KG', 'LA', 'MO', 'MR', 'MN', 'NP', 'RW', 'TG', 'UZ', 'ZW', 'BJ', 'MG', 'MU', 'MZ', 'AO', 'CI', 'DJ', 'ZM', 'CD', 'CG', 'IQ', 'LY', 'TJ', 'VE', 'ET', 'XK']",1,257683,False,{'spotify': 'https://open.spotify.com/track/5L654pINmlrIbXraUUZGWz'},https://api.spotify.com/v1/tracks/5L654pINmlrIbXraUUZGWz,5L654pINmlrIbXraUUZGWz,False,Cố Thức Đến Mùa Cây Thay Lá,https://p.scdn.co/mp3-preview/2e4bde51d9ae8b59bbc377f07493abbe9090be99?cid=7e5c4955d03c412482338a09edc225b6,1,track,spotify:track:5L654pINmlrIbXraUUZGWz,Thái Đinh,spotify:artist:7lq25uVNvzRoAJgr4CYr8e,0.673,0.185,10,-10.493,1,0.0318,0.935,4.52e-06,0.139,0.304,94.972,257684,3,https://open.spotify.com/track/5L654pINmlrIbXraUUZGWz,,,
15,"[{'external_urls': {'spotify': 'https://open.spotify.com/artist/7lq25uVNvzRoAJgr4CYr8e'}, 'href': 'https://api.spotify.com/v1/artists/7lq25uVNvzRoAJgr4CYr8e', 'id': '7lq25uVNvzRoAJgr4CYr8e', 'name': 'Thái Đinh', 'type': 'artist', 'uri': 'spotify:artist:7lq25uVNvzRoAJgr4CYr8e'}]","['AR', 'AU', 'AT', 'BE', 'BO', 'BR', 'BG', 'CA', 'CL', 'CO', 'CR', 'CY', 'CZ', 'DK', 'DO', 'DE', 'EC', 'EE', 'SV', 'FI', 'FR', 'GR', 'GT', 'HN', 'HK', 'HU', 'IS', 'IE', 'IT', 'LV', 'LT', 'LU', 'MY', 'MT', 'MX', 'NL', 'NZ', 'NI', 'NO', 'PA', 'PY', 'PE', 'PH', 'PL', 'PT', 'SG', 'SK', 'ES', 'SE', 'CH', 'TW', 'TR', 'UY', 'US', 'GB', 'AD', 'LI', 'MC', 'ID', 'JP', 'TH', 'VN', 'RO', 'IL', 'ZA', 'SA', 'AE', 'BH', 'QA', 'OM', 'KW', 'EG', 'MA', 'DZ', 'TN', 'LB', 'JO', 'PS', 'IN', 'BY', 'KZ', 'MD', 'UA', 'AL', 'BA', 'HR', 'ME', 'MK', 'RS', 'SI', 'KR', 'BD', 'PK', 'LK', 'GH', 'KE', 'NG', 'TZ', 'UG', 'AG', 'AM', 'BS', 'BB', 'BZ', 'BT', 'BW', 'BF', 'CV', 'CW', 'DM', 'FJ', 'GM', 'GE', 'GD', 'GW', 'GY', 'HT', 'JM', 'KI', 'LS', 'LR', 'MW', 'MV', 'ML', 'MH', 'FM', 'NA', 'NR', 'NE', 'PW', 'PG', 'WS', 'SM', 'ST', 'SN', 'SC', 'SL', 'SB', 'KN', 'LC', 'VC', 'SR', 'TL', 'TO', 'TT', 'TV', 'VU', 'AZ', 'BN', 'BI', 'KH', 'CM', 'TD', 'KM', 'GQ', 'SZ', 'GA', 'GN', 'KG', 'LA', 'MO', 'MR', 'MN', 'NP', 'RW', 'TG', 'UZ', 'ZW', 'BJ', 'MG', 'MU', 'MZ', 'AO', 'CI', 'DJ', 'ZM', 'CD', 'CG', 'IQ', 'LY', 'TJ', 'VE', 'ET', 'XK']",1,458556,False,{'spotify': 'https://open.spotify.com/track/1FhLM38CQSzG2G9xyy3qO8'},https://api.spotify.com/v1/tracks/1FhLM38CQSzG2G9xyy3qO8,1FhLM38CQSzG2G9xyy3qO8,False,Xuân Hạ Thu Đông - Live Session,https://p.scdn.co/mp3-preview/6a7266cf3de76a0c83f80b9af9d1ba1776b2293d?cid=7e5c4955d03c412482338a09edc225b6,1,track,spotify:track:1FhLM38CQSzG2G9xyy3qO8,Thái Đinh,spotify:artist:7lq25uVNvzRoAJgr4CYr8e,0.458,0.163,11,-14.514,0,0.124,0.9,0.0,0.128,0.187,179.363,458557,3,https://open.spotify.com/track/1FhLM38CQSzG2G9xyy3qO8,,,
16,"[{'external_urls': {'spotify': 'https://open.spotify.com/artist/7lq25uVNvzRoAJgr4CYr8e'}, 'href': 'https://api.spotify.com/v1/artists/7lq25uVNvzRoAJgr4CYr8e', 'id': '7lq25uVNvzRoAJgr4CYr8e', 'name': 'Thái Đinh', 'type': 'artist', 'uri': 'spotify:artist:7lq25uVNvzRoAJgr4CYr8e'}]","['AR', 'AU', 'AT', 'BE', 'BO', 'BR', 'BG', 'CA', 'CL', 'CO', 'CR', 'CY', 'CZ', 'DK', 'DO', 'DE', 'EC', 'EE', 'SV', 'FI', 'FR', 'GR', 'GT', 'HN', 'HK', 'HU', 'IS', 'IE', 'IT', 'LV', 'LT', 'LU', 'MY', 'MT', 'MX', 'NL', 'NZ', 'NI', 'NO', 'PA', 'PY', 'PE', 'PH', 'PL', 'PT', 'SG', 'SK', 'ES', 'SE', 'CH', 'TW', 'TR', 'UY', 'US', 'GB', 'AD', 'LI', 'MC', 'ID', 'JP', 'TH', 'VN', 'RO', 'IL', 'ZA', 'SA', 'AE', 'BH', 'QA', 'OM', 'KW', 'EG', 'MA', 'DZ', 'TN', 'LB', 'JO', 'PS', 'IN', 'BY', 'KZ', 'MD', 'UA', 'AL', 'BA', 'HR', 'ME', 'MK', 'RS', 'SI', 'KR', 'BD', 'PK', 'LK', 'GH', 'KE', 'NG', 'TZ', 'UG', 'AG', 'AM', 'BS', 'BB', 'BZ', 'BT', 'BW', 'BF', 'CV', 'CW', 'DM', 'FJ', 'GM', 'GE', 'GD', 'GW', 'GY', 'HT', 'JM', 'KI', 'LS', 'LR', 'MW', 'MV', 'ML', 'MH', 'FM', 'NA', 'NR', 'NE', 'PW', 'PG', 'WS', 'SM', 'ST', 'SN', 'SC', 'SL', 'SB', 'KN', 'LC', 'VC', 'SR', 'TL', 'TO', 'TT', 'TV', 'VU', 'AZ', 'BN', 'BI', 'KH', 'CM', 'TD', 'KM', 'GQ', 'SZ', 'GA', 'GN', 'KG', 'LA', 'MO', 'MR', 'MN', 'NP', 'RW', 'TG', 'UZ', 'ZW', 'BJ', 'MG', 'MU', 'MZ', 'AO', 'CI', 'DJ', 'ZM', 'CD', 'CG', 'IQ', 'LY', 'TJ', 'VE', 'ET', 'XK']",1,262439,False,{'spotify': 'https://open.spotify.com/track/2mfK69ERaQ4NtpNUdkY1FW'},https://api.spotify.com/v1/tracks/2mfK69ERaQ4NtpNUdkY1FW,2mfK69ERaQ4NtpNUdkY1FW,False,Lâu Chưa Gặp Em - Live Session,https://p.scdn.co/mp3-preview/feb9868f8cfa9e810e3ee96c0b82df5e3e04b5d1?cid=7e5c4955d03c412482338a09edc225b6,2,track,spotify:track:2mfK69ERaQ4NtpNUdkY1FW,Thái Đinh,spotify:artist:7lq25uVNvzRoAJgr4CYr8e,0.658,0.105,7,-14.641,1,0.0323,0.921,2.22e-06,0.124,0.236,107.96,262439,3,https://open.spotify.com/track/2mfK69ERaQ4NtpNUdkY1FW,,,
17,"[{'external_urls': {'spotify': 'https://open.spotify.com/artist/7lq25uVNvzRoAJgr4CYr8e'}, 'href': 'https://api.spotify.com/v1/artists/7lq25uVNvzRoAJgr4CYr8e', 'id': '7lq25uVNvzRoAJgr4CYr8e', 'name': 'Thái Đinh', 'type': 'artist', 'uri': 'spotify:artist:7lq25uVNvzRoAJgr4CYr8e'}]","['AR', 'AU', 'AT', 'BE', 'BO', 'BR', 'BG', 'CA', 'CL', 'CO', 'CR', 'CY', 'CZ', 'DK', 'DO', 'DE', 'EC', 'EE', 'SV', 'FI', 'FR', 'GR', 'GT', 'HN', 'HK', 'HU', 'IS', 'IE', 'IT', 'LV', 'LT', 'LU', 'MY', 'MT', 'MX', 'NL', 'NZ', 'NI', 'NO', 'PA', 'PY', 'PE', 'PH', 'PL', 'PT', 'SG', 'SK', 'ES', 'SE', 'CH', 'TW', 'TR', 'UY', 'US', 'GB', 'AD', 'LI', 'MC', 'ID', 'JP', 'TH', 'VN', 'RO', 'IL', 'ZA', 'SA', 'AE', 'BH', 'QA', 'OM', 'KW', 'EG', 'MA', 'DZ', 'TN', 'LB', 'JO', 'PS', 'IN', 'BY', 'KZ', 'MD', 'UA', 'AL', 'BA', 'HR', 'ME', 'MK', 'RS', 'SI', 'KR', 'BD', 'PK', 'LK', 'GH', 'KE', 'NG', 'TZ', 'UG', 'AG', 'AM', 'BS', 'BB', 'BZ', 'BT', 'BW', 'BF', 'CV', 'CW', 'DM', 'FJ', 'GM', 'GE', 'GD', 'GW', 'GY', 'HT', 'JM', 'KI', 'LS', 'LR', 'MW', 'MV', 'ML', 'MH', 'FM', 'NA', 'NR', 'NE', 'PW', 'PG', 'WS', 'SM', 'ST', 'SN', 'SC', 'SL', 'SB', 'KN', 'LC', 'VC', 'SR', 'TL', 'TO', 'TT', 'TV', 'VU', 'AZ', 'BN', 'BI', 'KH', 'CM', 'TD', 'KM', 'GQ', 'SZ', 'GA', 'GN', 'KG', 'LA', 'MO', 'MR', 'MN', 'NP', 'RW', 'TG', 'UZ', 'ZW', 'BJ', 'MG', 'MU', 'MZ', 'AO', 'CI', 'DJ', 'ZM', 'CD', 'CG', 'IQ', 'LY', 'TJ', 'VE', 'ET', 'XK']",1,360113,False,{'spotify': 'https://open.spotify.com/track/4HzbCeKRAWmveon6LB0VoD'},https://api.spotify.com/v1/tracks/4HzbCeKRAWmveon6LB0VoD,4HzbCeKRAWmveon6LB0VoD,False,Tối Nay (Live Session),https://p.scdn.co/mp3-preview/03787fdb572195de59d1cbb9bf84cc156027c93a?cid=7e5c4955d03c412482338a09edc225b6,3,track,spotify:track:4HzbCeKRAWmveon6LB0VoD,Thái Đinh,spotify:artist:7lq25uVNvzRoAJgr4CYr8e,0.389,0.237,8,-10.28,1,0.0436,0.817,0.0,0.188,0.258,185.016,360114,3,https://open.spotify.com/track/4HzbCeKRAWmveon6LB0VoD,,,
18,"[{'external_urls': {'spotify': 'https://open.spotify.com/artist/7lq25uVNvzRoAJgr4CYr8e'}, 'href': 'https://api.spotify.com/v1/artists/7lq25uVNvzRoAJgr4CYr8e', 'id': '7lq25uVNvzRoAJgr4CYr8e', 'name': 'Thái Đinh', 'type': 'artist', 'uri': 'spotify:artist:7lq25uVNvzRoAJgr4CYr8e'}]","['AR', 'AU', 'AT', 'BE', 'BO', 'BR', 'BG', 'CA', 'CL', 'CO', 'CR', 'CY', 'CZ', 'DK', 'DO', 'DE', 'EC', 'EE', 'SV', 'FI', 'FR', 'GR', 'GT', 'HN', 'HK', 'HU', 'IS', 'IE', 'IT', 'LV', 'LT', 'LU', 'MY', 'MT', 'MX', 'NL', 'NZ', 'NI', 'NO', 'PA', 'PY', 'PE', 'PH', 'PL', 'PT', 'SG', 'SK', 'ES', 'SE', 'CH', 'TW', 'TR', 'UY', 'US', 'GB', 'AD', 'LI', 'MC', 'ID', 'JP', 'TH', 'VN', 'RO', 'IL', 'ZA', 'SA', 'AE', 'BH', 'QA', 'OM', 'KW', 'EG', 'MA', 'DZ', 'TN', 'LB', 'JO', 'PS', 'IN', 'BY', 'KZ', 'MD', 'UA', 'AL', 'BA', 'HR', 'ME', 'MK', 'RS', 'SI', 'KR', 'BD', 'PK', 'LK', 'GH', 'KE', 'NG', 'TZ', 'UG', 'AG', 'AM', 'BS', 'BB', 'BZ', 'BT', 'BW', 'BF', 'CV', 'CW', 'DM', 'FJ', 'GM', 'GE', 'GD', 'GW', 'GY', 'HT', 'JM', 'KI', 'LS', 'LR', 'MW', 'MV', 'ML', 'MH', 'FM', 'NA', 'NR', 'NE', 'PW', 'PG', 'WS', 'SM', 'ST', 'SN', 'SC', 'SL', 'SB', 'KN', 'LC', 'VC', 'SR', 'TL', 'TO', 'TT', 'TV', 'VU', 'AZ', 'BN', 'BI', 'KH', 'CM', 'TD', 'KM', 'GQ', 'SZ', 'GA', 'GN', 'KG', 'LA', 'MO', 'MR', 'MN', 'NP', 'RW', 'TG', 'UZ', 'ZW', 'BJ', 'MG', 'MU', 'MZ', 'AO', 'CI', 'DJ', 'ZM', 'CD', 'CG', 'IQ', 'LY', 'TJ', 'VE', 'ET', 'XK']",1,385689,False,{'spotify': 'https://open.spotify.com/track/33WirVOEtenWG1hZ2YZR3E'},https://api.spotify.com/v1/tracks/33WirVOEtenWG1hZ2YZR3E,33WirVOEtenWG1hZ2YZR3E,False,Đông Và Anh - Live Session,https://p.scdn.co/mp3-preview/0b42bda905e6a2f3e02175e025b62d0d95a9e12c?cid=7e5c4955d03c412482338a09edc225b6,4,track,spotify:track:33WirVOEtenWG1hZ2YZR3E,Thái Đinh,spotify:artist:7lq25uVNvzRoAJgr4CYr8e,0.495,0.251,0,-9.682,1,0.0334,0.791,0.0,0.0536,0.339,120.153,385689,4,https://open.spotify.com/track/33WirVOEtenWG1hZ2YZR3E,,,
19,"[{'external_urls': {'spotify': 'https://open.spotify.com/artist/7lq25uVNvzRoAJgr4CYr8e'}, 'href': 'https://api.spotify.com/v1/artists/7lq25uVNvzRoAJgr4CYr8e', 'id': '7lq25uVNvzRoAJgr4CYr8e', 'name': 'Thái Đinh', 'type': 'artist', 'uri': 'spotify:artist:7lq25uVNvzRoAJgr4CYr8e'}]","['AR', 'AU', 'AT', 'BE', 'BO', 'BR', 'BG', 'CA', 'CL', 'CO', 'CR', 'CY', 'CZ', 'DK', 'DO', 'DE', 'EC', 'EE', 'SV', 'FI', 'FR', 'GR', 'GT', 'HN', 'HK', 'HU', 'IS', 'IE', 'IT', 'LV', 'LT', 'LU', 'MY', 'MT', 'MX', 'NL', 'NZ', 'NI', 'NO', 'PA', 'PY', 'PE', 'PH', 'PL', 'PT', 'SG', 'SK', 'ES', 'SE', 'CH', 'TW', 'TR', 'UY', 'US', 'GB', 'AD', 'LI', 'MC', 'ID', 'JP', 'TH', 'VN', 'RO', 'IL', 'ZA', 'SA', 'AE', 'BH', 'QA', 'OM', 'KW', 'EG', 'MA', 'DZ', 'TN', 'LB', 'JO', 'PS', 'IN', 'BY', 'KZ', 'MD', 'UA', 'AL', 'BA', 'HR', 'ME', 'MK', 'RS', 'SI', 'KR', 'BD', 'PK', 'LK', 'GH', 'KE', 'NG', 'TZ', 'UG', 'AG', 'AM', 'BS', 'BB', 'BZ', 'BT', 'BW', 'BF', 'CV', 'CW', 'DM', 'FJ', 'GM', 'GE', 'GD', 'GW', 'GY', 'HT', 'JM', 'KI', 'LS', 'LR', 'MW', 'MV', 'ML', 'MH', 'FM', 'NA', 'NR', 'NE', 'PW', 'PG', 'WS', 'SM', 'ST', 'SN', 'SC', 'SL', 'SB', 'KN', 'LC', 'VC', 'SR', 'TL', 'TO', 'TT', 'TV', 'VU', 'AZ', 'BN', 'BI', 'KH', 'CM', 'TD', 'KM', 'GQ', 'SZ', 'GA', 'GN', 'KG', 'LA', 'MO', 'MR', 'MN', 'NP', 'RW', 'TG', 'UZ', 'ZW', 'BJ', 'MG', 'MU', 'MZ', 'AO', 'CI', 'DJ', 'ZM', 'CD', 'CG', 'IQ', 'LY', 'TJ', 'VE', 'ET', 'XK']",1,273008,False,{'spotify': 'https://open.spotify.com/track/4DC9KAiW8loLsexSGHnQxz'},https://api.spotify.com/v1/tracks/4DC9KAiW8loLsexSGHnQxz,4DC9KAiW8loLsexSGHnQxz,False,Là Em (Live Session),https://p.scdn.co/mp3-preview/12377d2ec5c9178bbc9157412410f192b79d7adb?cid=7e5c4955d03c412482338a09edc225b6,5,track,spotify:track:4DC9KAiW8loLsexSGHnQxz,Thái Đinh,spotify:artist:7lq25uVNvzRoAJgr4CYr8e,0.43,0.166,5,-12.246,1,0.0426,0.858,1.52e-06,0.0888,0.226,178.689,273008,3,https://open.spotify.com/track/4DC9KAiW8loLsexSGHnQxz,,,
20,"[{'external_urls': {'spotify': 'https://open.spotify.com/artist/7lq25uVNvzRoAJgr4CYr8e'}, 'href': 'https://api.spotify.com/v1/artists/7lq25uVNvzRoAJgr4CYr8e', 'id': '7lq25uVNvzRoAJgr4CYr8e', 'name': 'Thái Đinh', 'type': 'artist', 'uri': 'spotify:artist:7lq25uVNvzRoAJgr4CYr8e'}]","['AR', 'AU', 'AT', 'BE', 'BO', 'BR', 'BG', 'CA', 'CL', 'CO', 'CR', 'CY', 'CZ', 'DK', 'DO', 'DE', 'EC', 'EE', 'SV', 'FI', 'FR', 'GR', 'GT', 'HN', 'HK', 'HU', 'IS', 'IE', 'IT', 'LV', 'LT', 'LU', 'MY', 'MT', 'MX', 'NL', 'NZ', 'NI', 'NO', 'PA', 'PY', 'PE', 'PH', 'PL', 'PT', 'SG', 'SK', 'ES', 'SE', 'CH', 'TW', 'TR', 'UY', 'US', 'GB', 'AD', 'LI', 'MC', 'ID', 'JP', 'TH', 'VN', 'RO', 'IL', 'ZA', 'SA', 'AE', 'BH', 'QA', 'OM', 'KW', 'EG', 'MA', 'DZ', 'TN', 'LB', 'JO', 'PS', 'IN', 'BY', 'KZ', 'MD', 'UA', 'AL', 'BA', 'HR', 'ME', 'MK', 'RS', 'SI', 'KR', 'BD', 'PK', 'LK', 'GH', 'KE', 'NG', 'TZ', 'UG', 'AG', 'AM', 'BS', 'BB', 'BZ', 'BT', 'BW', 'BF', 'CV', 'CW', 'DM', 'FJ', 'GM', 'GE', 'GD', 'GW', 'GY', 'HT', 'JM', 'KI', 'LS', 'LR', 'MW', 'MV', 'ML', 'MH', 'FM', 'NA', 'NR', 'NE', 'PW', 'PG', 'WS', 'SM', 'ST', 'SN', 'SC', 'SL', 'SB', 'KN', 'LC', 'VC', 'SR', 'TL', 'TO', 'TT', 'TV', 'VU', 'AZ', 'BN', 'BI', 'KH', 'CM', 'TD', 'KM', 'GQ', 'SZ', 'GA', 'GN', 'KG', 'LA', 'MO', 'MR', 'MN', 'NP', 'RW', 'TG', 'UZ', 'ZW', 'BJ', 'MG', 'MU', 'MZ', 'AO', 'CI', 'DJ', 'ZM', 'CD', 'CG', 'IQ', 'LY', 'TJ', 'VE', 'ET', 'XK']",1,276071,False,{'spotify': 'https://open.spotify.com/track/3lEXpxV55B8SGHjtBBGef2'},https://api.spotify.com/v1/tracks/3lEXpxV55B8SGHjtBBGef2,3lEXpxV55B8SGHjtBBGef2,False,Hà Nội Của Tôi - Live Session,https://p.scdn.co/mp3-preview/3a3744c0a42d8a6afb6ebaf5646d9ecb8c1092c8?cid=7e5c4955d03c412482338a09edc225b6,6,track,spotify:track:3lEXpxV55B8SGHjtBBGef2,Thái Đinh,spotify:artist:7lq25uVNvzRoAJgr4CYr8e,0.602,0.2,4,-10.81,1,0.0497,0.9,2.06e-06,0.268,0.23,119.825,276072,4,https://open.spotify.com/track/3lEXpxV55B8SGHjtBBGef2,,,
21,"[{'external_urls': {'spotify': 'https://open.spotify.com/artist/7lq25uVNvzRoAJgr4CYr8e'}, 'href': 'https://api.spotify.com/v1/artists/7lq25uVNvzRoAJgr4CYr8e', 'id': '7lq25uVNvzRoAJgr4CYr8e', 'name': 'Thái Đinh', 'type': 'artist', 'uri': 'spotify:artist:7lq25uVNvzRoAJgr4CYr8e'}]","['AR', 'AU', 'AT', 'BE', 'BO', 'BR', 'BG', 'CA', 'CL', 'CO', 'CR', 'CY', 'CZ', 'DK', 'DO', 'DE', 'EC', 'EE', 'SV', 'FI', 'FR', 'GR', 'GT', 'HN', 'HK', 'HU', 'IS', 'IE', 'IT', 'LV', 'LT', 'LU', 'MY', 'MT', 'MX', 'NL', 'NZ', 'NI', 'NO', 'PA', 'PY', 'PE', 'PH', 'PL', 'PT', 'SG', 'SK', 'ES', 'SE', 'CH', 'TW', 'TR', 'UY', 'US', 'GB', 'AD', 'LI', 'MC', 'ID', 'JP', 'TH', 'VN', 'RO', 'IL', 'ZA', 'SA', 'AE', 'BH', 'QA', 'OM', 'KW', 'EG', 'MA', 'DZ', 'TN', 'LB', 'JO', 'PS', 'IN', 'BY', 'KZ', 'MD', 'UA', 'AL', 'BA', 'HR', 'ME', 'MK', 'RS', 'SI', 'KR', 'BD', 'PK', 'LK', 'GH', 'KE', 'NG', 'TZ', 'UG', 'AG', 'AM', 'BS', 'BB', 'BZ', 'BT', 'BW', 'BF', 'CV', 'CW', 'DM', 'FJ', 'GM', 'GE', 'GD', 'GW', 'GY', 'HT', 'JM', 'KI', 'LS', 'LR', 'MW', 'MV', 'ML', 'MH', 'FM', 'NA', 'NR', 'NE', 'PW', 'PG', 'WS', 'SM', 'ST', 'SN', 'SC', 'SL', 'SB', 'KN', 'LC', 'VC', 'SR', 'TL', 'TO', 'TT', 'TV', 'VU', 'AZ', 'BN', 'BI', 'KH', 'CM', 'TD', 'KM', 'GQ', 'SZ', 'GA', 'GN', 'KG', 'LA', 'MO', 'MR', 'MN', 'NP', 'RW', 'TG', 'UZ', 'ZW', 'BJ', 'MG', 'MU', 'MZ', 'AO', 'CI', 'DJ', 'ZM', 'CD', 'CG', 'IQ', 'LY', 'TJ', 'VE', 'ET', 'XK']",1,297815,False,{'spotify': 'https://open.spotify.com/track/2jKc3s2wOajwgcfSCnn4zC'},https://api.spotify.com/v1/tracks/2jKc3s2wOajwgcfSCnn4zC,2jKc3s2wOajwgcfSCnn4zC,False,Xuân Úa,https://p.scdn.co/mp3-preview/6884875834362200d2c0761b981dfb843da38e06?cid=7e5c4955d03c412482338a09edc225b6,1,track,spotify:track:2jKc3s2wOajwgcfSCnn4zC,Thái Đinh,spotify:artist:7lq25uVNvzRoAJgr4CYr8e,0.297,0.562,11,-7.392,0,0.0485,0.7,0.00457,0.108,0.437,187.728,297815,3,https://open.spotify.com/track/2jKc3s2wOajwgcfSCnn4zC,,,
22,"[{'external_urls': {'spotify': 'https://open.spotify.com/artist/7lq25uVNvzRoAJgr4CYr8e'}, 'href': 'https://api.spotify.com/v1/artists/7lq25uVNvzRoAJgr4CYr8e', 'id': '7lq25uVNvzRoAJgr4CYr8e', 'name': 'Thái Đinh', 'type': 'artist', 'uri': 'spotify:artist:7lq25uVNvzRoAJgr4CYr8e'}]","['AR', 'AU', 'AT', 'BE', 'BO', 'BR', 'BG', 'CA', 'CL', 'CO', 'CR', 'CY', 'CZ', 'DK', 'DO', 'DE', 'EC', 'EE', 'SV', 'FI', 'FR', 'GR', 'GT', 'HN', 'HK', 'HU', 'IS', 'IE', 'IT', 'LV', 'LT', 'LU', 'MY', 'MT', 'MX', 'NL', 'NZ', 'NI', 'NO', 'PA', 'PY', 'PE', 'PH', 'PL', 'PT', 'SG', 'SK', 'ES', 'SE', 'CH', 'TW', 'TR', 'UY', 'US', 'GB', 'AD', 'LI', 'MC', 'ID', 'JP', 'TH', 'VN', 'RO', 'IL', 'ZA', 'SA', 'AE', 'BH', 'QA', 'OM', 'KW', 'EG', 'MA', 'DZ', 'TN', 'LB', 'JO', 'PS', 'IN', 'BY', 'KZ', 'MD', 'UA', 'AL', 'BA', 'HR', 'ME', 'MK', 'RS', 'SI', 'KR', 'BD', 'PK', 'LK', 'GH', 'KE', 'NG', 'TZ', 'UG', 'AG', 'AM', 'BS', 'BB', 'BZ', 'BT', 'BW', 'BF', 'CV', 'CW', 'DM', 'FJ', 'GM', 'GE', 'GD', 'GW', 'GY', 'HT', 'JM', 'KI', 'LS', 'LR', 'MW', 'MV', 'ML', 'MH', 'FM', 'NA', 'NR', 'NE', 'PW', 'PG', 'WS', 'SM', 'ST', 'SN', 'SC', 'SL', 'SB', 'KN', 'LC', 'VC', 'SR', 'TL', 'TO', 'TT', 'TV', 'VU', 'AZ', 'BN', 'BI', 'KH', 'CM', 'TD', 'KM', 'GQ', 'SZ', 'GA', 'GN', 'KG', 'LA', 'MO', 'MR', 'MN', 'NP', 'RW', 'TG', 'UZ', 'ZW', 'BJ', 'MG', 'MU', 'MZ', 'AO', 'CI', 'DJ', 'ZM', 'CD', 'CG', 'IQ', 'LY', 'TJ', 'VE', 'ET', 'XK']",1,283262,False,{'spotify': 'https://open.spotify.com/track/64INtXcBo0Md1MAmouoTdq'},https://api.spotify.com/v1/tracks/64INtXcBo0Md1MAmouoTdq,64INtXcBo0Md1MAmouoTdq,False,Đi Qua Mùa Hạ,https://p.scdn.co/mp3-preview/b146842b0d51963d9d0016b9a2bdaabee4081abe?cid=7e5c4955d03c412482338a09edc225b6,1,track,spotify:track:64INtXcBo0Md1MAmouoTdq,Thái Đinh,spotify:artist:7lq25uVNvzRoAJgr4CYr8e,0.416,0.332,10,-10.479,1,0.0535,0.873,0.0,0.106,0.225,182.905,283262,3,https://open.spotify.com/track/64INtXcBo0Md1MAmouoTdq,12,https://open.spotify.com/track/64INtXcBo0Md1MAmouoTdq?si=2cb553e5953c4fdf,74
23,"[{'external_urls': {'spotify': 'https://open.spotify.com/artist/7lq25uVNvzRoAJgr4CYr8e'}, 'href': 'https://api.spotify.com/v1/artists/7lq25uVNvzRoAJgr4CYr8e', 'id': '7lq25uVNvzRoAJgr4CYr8e', 'name': 'Thái Đinh', 'type': 'artist', 'uri': 'spotify:artist:7lq25uVNvzRoAJgr4CYr8e'}]","['AR', 'AU', 'AT', 'BE', 'BO', 'BR', 'BG', 'CA', 'CL', 'CO', 'CR', 'CY', 'CZ', 'DK', 'DO', 'DE', 'EC', 'EE', 'SV', 'FI', 'FR', 'GR', 'GT', 'HN', 'HK', 'HU', 'IS', 'IE', 'IT', 'LV', 'LT', 'LU', 'MY', 'MT', 'MX', 'NL', 'NZ', 'NI', 'NO', 'PA', 'PY', 'PE', 'PH', 'PL', 'PT', 'SG', 'SK', 'ES', 'SE', 'CH', 'TW', 'TR', 'UY', 'US', 'GB', 'AD', 'LI', 'MC', 'ID', 'JP', 'TH', 'VN', 'RO', 'IL', 'ZA', 'SA', 'AE', 'BH', 'QA', 'OM', 'KW', 'EG', 'MA', 'DZ', 'TN', 'LB', 'JO', 'PS', 'IN', 'BY', 'KZ', 'MD', 'UA', 'AL', 'BA', 'HR', 'ME', 'MK', 'RS', 'SI', 'KR', 'BD', 'PK', 'LK', 'GH', 'KE', 'NG', 'TZ', 'UG', 'AG', 'AM', 'BS', 'BB', 'BZ', 'BT', 'BW', 'BF', 'CV', 'CW', 'DM', 'FJ', 'GM', 'GE', 'GD', 'GW', 'GY', 'HT', 'JM', 'KI', 'LS', 'LR', 'MW', 'MV', 'ML', 'MH', 'FM', 'NA', 'NR', 'NE', 'PW', 'PG', 'WS', 'SM', 'ST', 'SN', 'SC', 'SL', 'SB', 'KN', 'LC', 'VC', 'SR', 'TL', 'TO', 'TT', 'TV', 'VU', 'AZ', 'BN', 'BI', 'KH', 'CM', 'TD', 'KM', 'GQ', 'SZ', 'GA', 'GN', 'KG', 'LA', 'MO', 'MR', 'MN', 'NP', 'RW', 'TG', 'UZ', 'ZW', 'BJ', 'MG', 'MU', 'MZ', 'AO', 'CI', 'DJ', 'ZM', 'CD', 'CG', 'IQ', 'LY', 'TJ', 'VE', 'ET', 'XK']",1,305509,False,{'spotify': 'https://open.spotify.com/track/1CO7SlX7KBRF12fbXt5hAO'},https://api.spotify.com/v1/tracks/1CO7SlX7KBRF12fbXt5hAO,1CO7SlX7KBRF12fbXt5hAO,False,Đi Qua Mùa Hạ - Acoustic Version,https://p.scdn.co/mp3-preview/ed8735f466a82090be503333221b9139a3a981c3?cid=7e5c4955d03c412482338a09edc225b6,2,track,spotify:track:1CO7SlX7KBRF12fbXt5hAO,Thái Đinh,spotify:artist:7lq25uVNvzRoAJgr4CYr8e,0.443,0.258,8,-9.891,1,0.0483,0.927,0.0,0.147,0.248,182.557,305510,3,https://open.spotify.com/track/1CO7SlX7KBRF12fbXt5hAO,,,
24,"[{'external_urls': {'spotify': 'https://open.spotify.com/artist/7lq25uVNvzRoAJgr4CYr8e'}, 'href': 'https://api.spotify.com/v1/artists/7lq25uVNvzRoAJgr4CYr8e', 'id': '7lq25uVNvzRoAJgr4CYr8e', 'name': 'Thái Đinh', 'type': 'artist', 'uri': 'spotify:artist:7lq25uVNvzRoAJgr4CYr8e'}]","['AR', 'AU', 'AT', 'BE', 'BO', 'BR', 'BG', 'CA', 'CL', 'CO', 'CR', 'CY', 'CZ', 'DK', 'DO', 'DE', 'EC', 'EE', 'SV', 'FI', 'FR', 'GR', 'GT', 'HN', 'HK', 'HU', 'IS', 'IE', 'IT', 'LV', 'LT', 'LU', 'MY', 'MT', 'MX', 'NL', 'NZ', 'NI', 'NO', 'PA', 'PY', 'PE', 'PH', 'PL', 'PT', 'SG', 'SK', 'ES', 'SE', 'CH', 'TW', 'TR', 'UY', 'US', 'GB', 'AD', 'LI', 'MC', 'ID', 'JP', 'TH', 'VN', 'RO', 'IL', 'ZA', 'SA', 'AE', 'BH', 'QA', 'OM', 'KW', 'EG', 'MA', 'DZ', 'TN', 'LB', 'JO', 'PS', 'IN', 'BY', 'KZ', 'MD', 'UA', 'AL', 'BA', 'HR', 'ME', 'MK', 'RS', 'SI', 'KR', 'BD', 'PK', 'LK', 'GH', 'KE', 'NG', 'TZ', 'UG', 'AG', 'AM', 'BS', 'BB', 'BZ', 'BT', 'BW', 'BF', 'CV', 'CW', 'DM', 'FJ', 'GM', 'GE', 'GD', 'GW', 'GY', 'HT', 'JM', 'KI', 'LS', 'LR', 'MW', 'MV', 'ML', 'MH', 'FM', 'NA', 'NR', 'NE', 'PW', 'PG', 'WS', 'SM', 'ST', 'SN', 'SC', 'SL', 'SB', 'KN', 'LC', 'VC', 'SR', 'TL', 'TO', 'TT', 'TV', 'VU', 'AZ', 'BN', 'BI', 'KH', 'CM', 'TD', 'KM', 'GQ', 'SZ', 'GA', 'GN', 'KG', 'LA', 'MO', 'MR', 'MN', 'NP', 'RW', 'TG', 'UZ', 'ZW', 'BJ', 'MG', 'MU', 'MZ', 'AO', 'CI', 'DJ', 'ZM', 'CD', 'CG', 'IQ', 'LY', 'TJ', 'VE', 'ET', 'XK']",1,315631,False,{'spotify': 'https://open.spotify.com/track/4x4iFz4eOUBRLYqh95sCGO'},https://api.spotify.com/v1/tracks/4x4iFz4eOUBRLYqh95sCGO,4x4iFz4eOUBRLYqh95sCGO,False,Em Có Còn Dùng Số Này Không,https://p.scdn.co/mp3-preview/1d4783df32f309bc76d4c52831f0fbd82a88b6d8?cid=7e5c4955d03c412482338a09edc225b6,1,track,spotify:track:4x4iFz4eOUBRLYqh95sCGO,Thái Đinh,spotify:artist:7lq25uVNvzRoAJgr4CYr8e,0.666,0.155,0,-13.012,1,0.0507,0.961,1.22e-06,0.0537,0.277,122.039,315631,4,https://open.spotify.com/track/4x4iFz4eOUBRLYqh95sCGO,,,
25,"[{'external_urls': {'spotify': 'https://open.spotify.com/artist/7lq25uVNvzRoAJgr4CYr8e'}, 'href': 'https://api.spotify.com/v1/artists/7lq25uVNvzRoAJgr4CYr8e', 'id': '7lq25uVNvzRoAJgr4CYr8e', 'name': 'Thái Đinh', 'type': 'artist', 'uri': 'spotify:artist:7lq25uVNvzRoAJgr4CYr8e'}]","['AR', 'AU', 'AT', 'BE', 'BO', 'BR', 'BG', 'CA', 'CL', 'CO', 'CR', 'CY', 'CZ', 'DK', 'DO', 'DE', 'EC', 'EE', 'SV', 'FI', 'FR', 'GR', 'GT', 'HN', 'HK', 'HU', 'IS', 'IE', 'IT', 'LV', 'LT', 'LU', 'MY', 'MT', 'MX', 'NL', 'NZ', 'NI', 'NO', 'PA', 'PY', 'PE', 'PH', 'PL', 'PT', 'SG', 'SK', 'ES', 'SE', 'CH', 'TW', 'TR', 'UY', 'US', 'GB', 'AD', 'LI', 'MC', 'ID', 'JP', 'TH', 'VN', 'RO', 'IL', 'ZA', 'SA', 'AE', 'BH', 'QA', 'OM', 'KW', 'EG', 'MA', 'DZ', 'TN', 'LB', 'JO', 'PS', 'IN', 'BY', 'KZ', 'MD', 'UA', 'AL', 'BA', 'HR', 'ME', 'MK', 'RS', 'SI', 'KR', 'BD', 'PK', 'LK', 'GH', 'KE', 'NG', 'TZ', 'UG', 'AG', 'AM', 'BS', 'BB', 'BZ', 'BT', 'BW', 'BF', 'CV', 'CW', 'DM', 'FJ', 'GM', 'GE', 'GD', 'GW', 'GY', 'HT', 'JM', 'KI', 'LS', 'LR', 'MW', 'MV', 'ML', 'MH', 'FM', 'NA', 'NR', 'NE', 'PW', 'PG', 'WS', 'SM', 'ST', 'SN', 'SC', 'SL', 'SB', 'KN', 'LC', 'VC', 'SR', 'TL', 'TO', 'TT', 'TV', 'VU', 'AZ', 'BN', 'BI', 'KH', 'CM', 'TD', 'KM', 'GQ', 'SZ', 'GA', 'GN', 'KG', 'LA', 'MO', 'MR', 'MN', 'NP', 'RW', 'TG', 'UZ', 'ZW', 'BJ', 'MG', 'MU', 'MZ', 'AO', 'CI', 'DJ', 'ZM', 'CD', 'CG', 'IQ', 'LY', 'TJ', 'VE', 'ET', 'XK']",1,255867,False,{'spotify': 'https://open.spotify.com/track/5Voz1rKc9JDndXpHJAqVK0'},https://api.spotify.com/v1/tracks/5Voz1rKc9JDndXpHJAqVK0,5Voz1rKc9JDndXpHJAqVK0,False,Sao Ta Gặp Nhau (YMEETME),https://p.scdn.co/mp3-preview/7b0019b817d891bbc13a3bf3ecf24988ee358ce3?cid=7e5c4955d03c412482338a09edc225b6,1,track,spotify:track:5Voz1rKc9JDndXpHJAqVK0,Thái Đinh,spotify:artist:7lq25uVNvzRoAJgr4CYr8e,0.629,0.246,0,-9.998,1,0.04,0.913,0.0,0.077,0.354,124.872,255867,4,https://open.spotify.com/track/5Voz1rKc9JDndXpHJAqVK0,,,
26,"[{'external_urls': {'spotify': 'https://open.spotify.com/artist/7lq25uVNvzRoAJgr4CYr8e'}, 'href': 'https://api.spotify.com/v1/artists/7lq25uVNvzRoAJgr4CYr8e', 'id': '7lq25uVNvzRoAJgr4CYr8e', 'name': 'Thái Đinh', 'type': 'artist', 'uri': 'spotify:artist:7lq25uVNvzRoAJgr4CYr8e'}, {'external_urls': {'spotify': 'https://open.spotify.com/artist/4j8ovS4KtDcGGvVq0dd51G'}, 'href': 'https://api.spotify.com/v1/artists/4j8ovS4KtDcGGvVq0dd51G', 'id': '4j8ovS4KtDcGGvVq0dd51G', 'name': 'NamKun', 'type': 'artist', 'uri': 'spotify:artist:4j8ovS4KtDcGGvVq0dd51G'}]","['AD', 'AE', 'AL', 'AR', 'AT', 'AU', 'BA', 'BE', 'BG', 'BH', 'BO', 'BR', 'CA', 'CH', 'CL', 'CO', 'CR', 'CW', 'CY', 'CZ', 'DE', 'DK', 'DO', 'EC', 'EE', 'ES', 'FI', 'FR', 'GB', 'GR', 'GT', 'HK', 'HN', 'HR', 'HU', 'ID', 'IE', 'IL', 'IN', 'IS', 'IT', 'JP', 'KW', 'LI', 'LT', 'LU', 'LV', 'MC', 'MD', 'ME', 'MK', 'MT', 'MX', 'MY', 'NI', 'NL', 'NO', 'NZ', 'OM', 'PA', 'PE', 'PH', 'PL', 'PT', 'PY', 'QA', 'RO', 'RS', 'SA', 'SE', 'SG', 'SI', 'SK', 'SV', 'TH', 'TR', 'TW', 'US', 'UY', 'XK', 'ZA']",1,308333,False,{'spotify': 'https://open.spotify.com/track/3K8v7yCqgLT6jRivavvlFJ'},https://api.spotify.com/v1/tracks/3K8v7yCqgLT6jRivavvlFJ,3K8v7yCqgLT6jRivavvlFJ,False,11h11,https://p.scdn.co/mp3-preview/de414ca48a077a877e639edb9e646fd63356641b?cid=7e5c4955d03c412482338a09edc225b6,1,track,spotify:track:3K8v7yCqgLT6jRivavvlFJ,Thái Đinh,spotify:artist:7lq25uVNvzRoAJgr4CYr8e,0.454,0.266,10,-12.639,1,0.0318,0.894,2.81e-05,0.137,0.324,165.465,308333,4,https://open.spotify.com/track/3K8v7yCqgLT6jRivavvlFJ,,,
27,"[{'external_urls': {'spotify': 'https://open.spotify.com/artist/7lq25uVNvzRoAJgr4CYr8e'}, 'href': 'https://api.spotify.com/v1/artists/7lq25uVNvzRoAJgr4CYr8e', 'id': '7lq25uVNvzRoAJgr4CYr8e', 'name': 'Thái Đinh', 'type': 'artist', 'uri': 'spotify:artist:7lq25uVNvzRoAJgr4CYr8e'}, {'external_urls': {'spotify': 'https://open.spotify.com/artist/29xtwCxmznSC9QPikI0GtZ'}, 'href': 'https://api.spotify.com/v1/artists/29xtwCxmznSC9QPikI0GtZ', 'id': '29xtwCxmznSC9QPikI0GtZ', 'name': 'Minh Cà Ri', 'type': 'artist', 'uri': 'spotify:artist:29xtwCxmznSC9QPikI0GtZ'}]","['AD', 'AE', 'AL', 'AR', 'AT', 'AU', 'BA', 'BE', 'BG', 'BH', 'BO', 'BR', 'CA', 'CH', 'CL', 'CO', 'CR', 'CW', 'CY', 'CZ', 'DE', 'DK', 'DO', 'EC', 'EE', 'ES', 'FI', 'FR', 'GB', 'GR', 'GT', 'HK', 'HN', 'HR', 'HU', 'ID', 'IE', 'IL', 'IN', 'IS', 'IT', 'JP', 'KW', 'LI', 'LT', 'LU', 'LV', 'MC', 'MD', 'ME', 'MK', 'MT', 'MX', 'MY', 'NI', 'NL', 'NO', 'NZ', 'OM', 'PA', 'PE', 'PH', 'PL', 'PT', 'PY', 'QA', 'RO', 'RS', 'SA', 'SE', 'SG', 'SI', 'SK', 'SV', 'TH', 'TR', 'TW', 'US', 'UY', 'XK', 'ZA']",1,374386,False,{'spotify': 'https://open.spotify.com/track/5ahrHKr1oFkHMbL2j1m9F3'},https://api.spotify.com/v1/tracks/5ahrHKr1oFkHMbL2j1m9F3,5ahrHKr1oFkHMbL2j1m9F3,False,Có Những Chiều,https://p.scdn.co/mp3-preview/dac3d4ea9679d50e77df2bdaf3a8f122beb1992e?cid=7e5c4955d03c412482338a09edc225b6,1,track,spotify:track:5ahrHKr1oFkHMbL2j1m9F3,Thái Đinh,spotify:artist:7lq25uVNvzRoAJgr4CYr8e,0.552,0.0984,4,-14.109,1,0.0378,0.956,0.000106,0.0912,0.269,109.978,374387,3,https://open.spotify.com/track/5ahrHKr1oFkHMbL2j1m9F3,,,
28,"[{'external_urls': {'spotify': 'https://open.spotify.com/artist/7lq25uVNvzRoAJgr4CYr8e'}, 'href': 'https://api.spotify.com/v1/artists/7lq25uVNvzRoAJgr4CYr8e', 'id': '7lq25uVNvzRoAJgr4CYr8e', 'name': 'Thái Đinh', 'type': 'artist', 'uri': 'spotify:artist:7lq25uVNvzRoAJgr4CYr8e'}]","['AD', 'AE', 'AL', 'AR', 'AT', 'AU', 'BA', 'BE', 'BG', 'BH', 'BO', 'BR', 'CA', 'CH', 'CL', 'CO', 'CR', 'CW', 'CY', 'CZ', 'DE', 'DK', 'DO', 'EC', 'EE', 'ES', 'FI', 'FR', 'GB', 'GR', 'GT', 'HK', 'HN', 'HR', 'HU', 'ID', 'IE', 'IL', 'IN', 'IS', 'IT', 'JP', 'KW', 'LI', 'LT', 'LU', 'LV', 'MC', 'MD', 'ME', 'MK', 'MT', 'MX', 'MY', 'NI', 'NL', 'NO', 'NZ', 'OM', 'PA', 'PE', 'PH', 'PL', 'PT', 'PY', 'QA', 'RO', 'RS', 'SA', 'SE', 'SG', 'SI', 'SK', 'SV', 'TH', 'TR', 'TW', 'US', 'UY', 'XK', 'ZA']",1,303000,False,{'spotify': 'https://open.spotify.com/track/1pCNlKGEvCf9trkzsYrvU6'},https://api.spotify.com/v1/tracks/1pCNlKGEvCf9trkzsYrvU6,1pCNlKGEvCf9trkzsYrvU6,False,Không Còn Là Của Nhau,https://p.scdn.co/mp3-preview/75eb24c51bbb1485698430408bf166e51830a5e6?cid=7e5c4955d03c412482338a09edc225b6,1,track,spotify:track:1pCNlKGEvCf9trkzsYrvU6,Thái Đinh,spotify:artist:7lq25uVNvzRoAJgr4CYr8e,0.691,0.136,5,-13.934,1,0.0317,0.851,0.0,0.116,0.286,100.118,303000,4,https://open.spotify.com/track/1pCNlKGEvCf9trkzsYrvU6,,,
29,"[{'external_urls': {'spotify': 'https://open.spotify.com/artist/7lq25uVNvzRoAJgr4CYr8e'}, 'href': 'https://api.spotify.com/v1/artists/7lq25uVNvzRoAJgr4CYr8e', 'id': '7lq25uVNvzRoAJgr4CYr8e', 'name': 'Thái Đinh', 'type': 'artist', 'uri': 'spotify:artist:7lq25uVNvzRoAJgr4CYr8e'}]","['AR', 'AU', 'AT', 'BE', 'BO', 'BR', 'BG', 'CA', 'CL', 'CO', 'CR', 'CY', 'CZ', 'DK', 'DO', 'DE', 'EC', 'EE', 'SV', 'FI', 'FR', 'GR', 'GT', 'HN', 'HK', 'HU', 'IS', 'IE', 'IT', 'LV', 'LT', 'LU', 'MY', 'MT', 'MX', 'NL', 'NZ', 'NI', 'NO', 'PA', 'PY', 'PE', 'PH', 'PL', 'PT', 'SG', 'SK', 'ES', 'SE', 'CH', 'TW', 'TR', 'UY', 'US', 'GB', 'AD', 'LI', 'MC', 'ID', 'JP', 'TH', 'VN', 'RO', 'IL', 'ZA', 'SA', 'AE', 'BH', 'QA', 'OM', 'KW', 'EG', 'MA', 'DZ', 'TN', 'LB', 'JO', 'PS', 'IN', 'BY', 'KZ', 'MD', 'UA', 'AL', 'BA', 'HR', 'ME', 'MK', 'RS', 'SI', 'KR', 'BD', 'PK', 'LK', 'GH', 'KE', 'NG', 'TZ', 'UG', 'AG', 'AM', 'BS', 'BB', 'BZ', 'BT', 'BW', 'BF', 'CV', 'CW', 'DM', 'FJ', 'GM', 'GE', 'GD', 'GW', 'GY', 'HT', 'JM', 'KI', 'LS', 'LR', 'MW', 'MV', 'ML', 'MH', 'FM', 'NA', 'NR', 'NE', 'PW', 'PG', 'WS', 'SM', 'ST', 'SN', 'SC', 'SL', 'SB', 'KN', 'LC', 'VC', 'SR', 'TL', 'TO', 'TT', 'TV', 'VU', 'AZ', 'BN', 'BI', 'KH', 'CM', 'TD', 'KM', 'GQ', 'SZ', 'GA', 'GN', 'KG', 'LA', 'MO', 'MR', 'MN', 'NP', 'RW', 'TG', 'UZ', 'ZW', 'BJ', 'MG', 'MU', 'MZ', 'AO', 'CI', 'DJ', 'ZM', 'CD', 'CG', 'IQ', 'LY', 'TJ', 'VE', 'ET', 'XK']",1,298149,False,{'spotify': 'https://open.spotify.com/track/0q2pDWQNdOdbXwsL1iqUMy'},https://api.spotify.com/v1/tracks/0q2pDWQNdOdbXwsL1iqUMy,0q2pDWQNdOdbXwsL1iqUMy,False,Là Em,https://p.scdn.co/mp3-preview/a44473a6ae72c57087d9876d80f3828e9508fb36?cid=7e5c4955d03c412482338a09edc225b6,1,track,spotify:track:0q2pDWQNdOdbXwsL1iqUMy,Thái Đinh,spotify:artist:7lq25uVNvzRoAJgr4CYr8e,0.432,0.075,5,-12.777,1,0.0424,0.961,1.58e-05,0.193,0.329,179.364,298150,3,https://open.spotify.com/track/0q2pDWQNdOdbXwsL1iqUMy,12,https://open.spotify.com/track/0q2pDWQNdOdbXwsL1iqUMy?si=aae5ac9b59b74ce2,81
30,"[{'external_urls': {'spotify': 'https://open.spotify.com/artist/7lq25uVNvzRoAJgr4CYr8e'}, 'href': 'https://api.spotify.com/v1/artists/7lq25uVNvzRoAJgr4CYr8e', 'id': '7lq25uVNvzRoAJgr4CYr8e', 'name': 'Thái Đinh', 'type': 'artist', 'uri': 'spotify:artist:7lq25uVNvzRoAJgr4CYr8e'}]","['AR', 'AU', 'AT', 'BE', 'BO', 'BR', 'BG', 'CA', 'CL', 'CO', 'CR', 'CY', 'CZ', 'DK', 'DO', 'DE', 'EC', 'EE', 'SV', 'FI', 'FR', 'GR', 'GT', 'HN', 'HK', 'HU', 'IS', 'IE', 'IT', 'LV', 'LT', 'LU', 'MY', 'MT', 'MX', 'NL', 'NZ', 'NI', 'NO', 'PA', 'PY', 'PE', 'PH', 'PL', 'PT', 'SG', 'SK', 'ES', 'SE', 'CH', 'TW', 'TR', 'UY', 'US', 'GB', 'AD', 'LI', 'MC', 'ID', 'JP', 'TH', 'VN', 'RO', 'IL', 'ZA', 'SA', 'AE', 'BH', 'QA', 'OM', 'KW', 'EG', 'MA', 'DZ', 'TN', 'LB', 'JO', 'PS', 'IN', 'BY', 'KZ', 'MD', 'UA', 'AL', 'BA', 'HR', 'ME', 'MK', 'RS', 'SI', 'KR', 'BD', 'PK', 'LK', 'GH', 'KE', 'NG', 'TZ', 'UG', 'AG', 'AM', 'BS', 'BB', 'BZ', 'BT', 'BW', 'BF', 'CV', 'CW', 'DM', 'FJ', 'GM', 'GE', 'GD', 'GW', 'GY', 'HT', 'JM', 'KI', 'LS', 'LR', 'MW', 'MV', 'ML', 'MH', 'FM', 'NA', 'NR', 'NE', 'PW', 'PG', 'WS', 'SM', 'ST', 'SN', 'SC', 'SL', 'SB', 'KN', 'LC', 'VC', 'SR', 'TL', 'TO', 'TT', 'TV', 'VU', 'AZ', 'BN', 'BI', 'KH', 'CM', 'TD', 'KM', 'GQ', 'SZ', 'GA', 'GN', 'KG', 'LA', 'MO', 'MR', 'MN', 'NP', 'RW', 'TG', 'UZ', 'ZW', 'BJ', 'MG', 'MU', 'MZ', 'AO', 'CI', 'DJ', 'ZM', 'CD', 'CG', 'IQ', 'LY', 'TJ', 'VE', 'ET', 'XK']",1,366367,False,{'spotify': 'https://open.spotify.com/track/0I0NwiPszr8zVhlzLzDcCH'},https://api.spotify.com/v1/tracks/0I0NwiPszr8zVhlzLzDcCH,0I0NwiPszr8zVhlzLzDcCH,False,Người Giữ Kỉ Niệm,https://p.scdn.co/mp3-preview/7e9f4200bdc41e43b258fafe7d4e209d2dd0ba14?cid=7e5c4955d03c412482338a09edc225b6,1,track,spotify:track:0I0NwiPszr8zVhlzLzDcCH,Thái Đinh,spotify:artist:7lq25uVNvzRoAJgr4CYr8e,0.661,0.17,7,-12.022,1,0.0322,0.908,1.51e-06,0.272,0.24,118.027,366367,3,https://open.spotify.com/track/0I0NwiPszr8zVhlzLzDcCH,,,
31,"[{'external_urls': {'spotify': 'https://open.spotify.com/artist/7lq25uVNvzRoAJgr4CYr8e'}, 'href': 'https://api.spotify.com/v1/artists/7lq25uVNvzRoAJgr4CYr8e', 'id': '7lq25uVNvzRoAJgr4CYr8e', 'name': 'Thái Đinh', 'type': 'artist', 'uri': 'spotify:artist:7lq25uVNvzRoAJgr4CYr8e'}]","['AR', 'AU', 'AT', 'BE', 'BO', 'BR', 'BG', 'CA', 'CL', 'CO', 'CR', 'CY', 'CZ', 'DK', 'DO', 'DE', 'EC', 'EE', 'SV', 'FI', 'FR', 'GR', 'GT', 'HN', 'HK', 'HU', 'IS', 'IE', 'IT', 'LV', 'LT', 'LU', 'MY', 'MT', 'MX', 'NL', 'NZ', 'NI', 'NO', 'PA', 'PY', 'PE', 'PH', 'PL', 'PT', 'SG', 'SK', 'ES', 'SE', 'CH', 'TW', 'TR', 'UY', 'US', 'GB', 'AD', 'LI', 'MC', 'ID', 'JP', 'TH', 'VN', 'RO', 'IL', 'ZA', 'SA', 'AE', 'BH', 'QA', 'OM', 'KW', 'EG', 'MA', 'DZ', 'TN', 'LB', 'JO', 'PS', 'IN', 'BY', 'KZ', 'MD', 'UA', 'AL', 'BA', 'HR', 'ME', 'MK', 'RS', 'SI', 'KR', 'BD', 'PK', 'LK', 'GH', 'KE', 'NG', 'TZ', 'UG', 'AG', 'AM', 'BS', 'BB', 'BZ', 'BT', 'BW', 'BF', 'CV', 'CW', 'DM', 'FJ', 'GM', 'GE', 'GD', 'GW', 'GY', 'HT', 'JM', 'KI', 'LS', 'LR', 'MW', 'MV', 'ML', 'MH', 'FM', 'NA', 'NR', 'NE', 'PW', 'PG', 'WS', 'SM', 'ST', 'SN', 'SC', 'SL', 'SB', 'KN', 'LC', 'VC', 'SR', 'TL', 'TO', 'TT', 'TV', 'VU', 'AZ', 'BN', 'BI', 'KH', 'CM', 'TD', 'KM', 'GQ', 'SZ', 'GA', 'GN', 'KG', 'LA', 'MO', 'MR', 'MN', 'NP', 'RW', 'TG', 'UZ', 'ZW', 'BJ', 'MG', 'MU', 'MZ', 'AO', 'CI', 'DJ', 'ZM', 'CD', 'CG', 'IQ', 'LY', 'TJ', 'VE', 'ET', 'XK']",1,366028,False,{'spotify': 'https://open.spotify.com/track/66m5pcVBEQYdmLNKJNMxS7'},https://api.spotify.com/v1/tracks/66m5pcVBEQYdmLNKJNMxS7,66m5pcVBEQYdmLNKJNMxS7,False,Đông Và Anh,https://p.scdn.co/mp3-preview/f6a4571ecdc12a310d6f4b4a3a4591810c0a535f?cid=7e5c4955d03c412482338a09edc225b6,2,track,spotify:track:66m5pcVBEQYdmLNKJNMxS7,Thái Đinh,spotify:artist:7lq25uVNvzRoAJgr4CYr8e,0.654,0.269,0,-10.566,1,0.0301,0.842,0.0,0.165,0.32,123.939,366029,4,https://open.spotify.com/track/66m5pcVBEQYdmLNKJNMxS7,,,
32,"[{'external_urls': {'spotify': 'https://open.spotify.com/artist/7lq25uVNvzRoAJgr4CYr8e'}, 'href': 'https://api.spotify.com/v1/artists/7lq25uVNvzRoAJgr4CYr8e', 'id': '7lq25uVNvzRoAJgr4CYr8e', 'name': 'Thái Đinh', 'type': 'artist', 'uri': 'spotify:artist:7lq25uVNvzRoAJgr4CYr8e'}]","['AR', 'AU', 'AT', 'BE', 'BO', 'BR', 'BG', 'CA', 'CL', 'CO', 'CR', 'CY', 'CZ', 'DK', 'DO', 'DE', 'EC', 'EE', 'SV', 'FI', 'FR', 'GR', 'GT', 'HN', 'HK', 'HU', 'IS', 'IE', 'IT', 'LV', 'LT', 'LU', 'MY', 'MT', 'MX', 'NL', 'NZ', 'NI', 'NO', 'PA', 'PY', 'PE', 'PH', 'PL', 'PT', 'SG', 'SK', 'ES', 'SE', 'CH', 'TW', 'TR', 'UY', 'US', 'GB', 'AD', 'LI', 'MC', 'ID', 'JP', 'TH', 'VN', 'RO', 'IL', 'ZA', 'SA', 'AE', 'BH', 'QA', 'OM', 'KW', 'EG', 'MA', 'DZ', 'TN', 'LB', 'JO', 'PS', 'IN', 'BY', 'KZ', 'MD', 'UA', 'AL', 'BA', 'HR', 'ME', 'MK', 'RS', 'SI', 'KR', 'BD', 'PK', 'LK', 'GH', 'KE', 'NG', 'TZ', 'UG', 'AG', 'AM', 'BS', 'BB', 'BZ', 'BT', 'BW', 'BF', 'CV', 'CW', 'DM', 'FJ', 'GM', 'GE', 'GD', 'GW', 'GY', 'HT', 'JM', 'KI', 'LS', 'LR', 'MW', 'MV', 'ML', 'MH', 'FM', 'NA', 'NR', 'NE', 'PW', 'PG', 'WS', 'SM', 'ST', 'SN', 'SC', 'SL', 'SB', 'KN', 'LC', 'VC', 'SR', 'TL', 'TO', 'TT', 'TV', 'VU', 'AZ', 'BN', 'BI', 'KH', 'CM', 'TD', 'KM', 'GQ', 'SZ', 'GA', 'GN', 'KG', 'LA', 'MO', 'MR', 'MN', 'NP', 'RW', 'TG', 'UZ', 'ZW', 'BJ', 'MG', 'MU', 'MZ', 'AO', 'CI', 'DJ', 'ZM', 'CD', 'CG', 'IQ', 'LY', 'TJ', 'VE', 'ET', 'XK']",1,220040,False,{'spotify': 'https://open.spotify.com/track/1fWWS6qDfoWJVQQrDQiPU0'},https://api.spotify.com/v1/tracks/1fWWS6qDfoWJVQQrDQiPU0,1fWWS6qDfoWJVQQrDQiPU0,False,Ngoài Đằng Kia Mùa Đông,https://p.scdn.co/mp3-preview/878ad978a97eda8bef2316eea175819fcfb4fc4a?cid=7e5c4955d03c412482338a09edc225b6,3,track,spotify:track:1fWWS6qDfoWJVQQrDQiPU0,Thái Đinh,spotify:artist:7lq25uVNvzRoAJgr4CYr8e,0.597,0.442,0,-8.452,1,0.052,0.637,0.0,0.206,0.756,75.129,220041,4,https://open.spotify.com/track/1fWWS6qDfoWJVQQrDQiPU0,,,
33,"[{'external_urls': {'spotify': 'https://open.spotify.com/artist/7lq25uVNvzRoAJgr4CYr8e'}, 'href': 'https://api.spotify.com/v1/artists/7lq25uVNvzRoAJgr4CYr8e', 'id': '7lq25uVNvzRoAJgr4CYr8e', 'name': 'Thái Đinh', 'type': 'artist', 'uri': 'spotify:artist:7lq25uVNvzRoAJgr4CYr8e'}, {'external_urls': {'spotify': 'https://open.spotify.com/artist/4j8ovS4KtDcGGvVq0dd51G'}, 'href': 'https://api.spotify.com/v1/artists/4j8ovS4KtDcGGvVq0dd51G', 'id': '4j8ovS4KtDcGGvVq0dd51G', 'name': 'NamKun', 'type': 'artist', 'uri': 'spotify:artist:4j8ovS4KtDcGGvVq0dd51G'}]","['AR', 'AU', 'AT', 'BE', 'BO', 'BR', 'BG', 'CA', 'CL', 'CO', 'CR', 'CY', 'CZ', 'DK', 'DO', 'DE', 'EC', 'EE', 'SV', 'FI', 'FR', 'GR', 'GT', 'HN', 'HK', 'HU', 'IS', 'IE', 'IT', 'LV', 'LT', 'LU', 'MY', 'MT', 'MX', 'NL', 'NZ', 'NI', 'NO', 'PA', 'PY', 'PE', 'PH', 'PL', 'PT', 'SG', 'SK', 'ES', 'SE', 'CH', 'TW', 'TR', 'UY', 'US', 'GB', 'AD', 'LI', 'MC', 'ID', 'JP', 'TH', 'VN', 'RO', 'IL', 'ZA', 'SA', 'AE', 'BH', 'QA', 'OM', 'KW', 'EG', 'MA', 'DZ', 'TN', 'LB', 'JO', 'PS', 'IN', 'BY', 'KZ', 'MD', 'UA', 'AL', 'BA', 'HR', 'ME', 'MK', 'RS', 'SI', 'KR', 'BD', 'PK', 'LK', 'GH', 'KE', 'NG', 'TZ', 'UG', 'AG', 'AM', 'BS', 'BB', 'BZ', 'BT', 'BW', 'BF', 'CV', 'CW', 'DM', 'FJ', 'GM', 'GE', 'GD', 'GW', 'GY', 'HT', 'JM', 'KI', 'LS', 'LR', 'MW', 'MV', 'ML', 'MH', 'FM', 'NA', 'NR', 'NE', 'PW', 'PG', 'WS', 'SM', 'ST', 'SN', 'SC', 'SL', 'SB', 'KN', 'LC', 'VC', 'SR', 'TL', 'TO', 'TT', 'TV', 'VU', 'AZ', 'BN', 'BI', 'KH', 'CM', 'TD', 'KM', 'GQ', 'SZ', 'GA', 'GN', 'KG', 'LA', 'MO', 'MR', 'MN', 'NP', 'RW', 'TG', 'UZ', 'ZW', 'BJ', 'MG', 'MU', 'MZ', 'AO', 'CI', 'DJ', 'ZM', 'CD', 'CG', 'IQ', 'LY', 'TJ', 'VE', 'ET', 'XK']",1,208500,False,{'spotify': 'https://open.spotify.com/track/3fN1spTh69xKFr9Fwjkp2e'},https://api.spotify.com/v1/tracks/3fN1spTh69xKFr9Fwjkp2e,3fN1spTh69xKFr9Fwjkp2e,False,Ngoài Đằng Kia Mùa Đông (feat. NamKun),https://p.scdn.co/mp3-preview/1ad71172bbec8b8f152b88bcd1f6e6c8f84b421d?cid=7e5c4955d03c412482338a09edc225b6,4,track,spotify:track:3fN1spTh69xKFr9Fwjkp2e,Thái Đinh,spotify:artist:7lq25uVNvzRoAJgr4CYr8e,0.57,0.564,0,-8.405,1,0.0387,0.557,0.0,0.326,0.697,79.985,208500,4,https://open.spotify.com/track/3fN1spTh69xKFr9Fwjkp2e,,,
34,"[{'external_urls': {'spotify': 'https://open.spotify.com/artist/7lq25uVNvzRoAJgr4CYr8e'}, 'href': 'https://api.spotify.com/v1/artists/7lq25uVNvzRoAJgr4CYr8e', 'id': '7lq25uVNvzRoAJgr4CYr8e', 'name': 'Thái Đinh', 'type': 'artist', 'uri': 'spotify:artist:7lq25uVNvzRoAJgr4CYr8e'}]","['AR', 'AU', 'AT', 'BE', 'BO', 'BR', 'BG', 'CA', 'CL', 'CO', 'CR', 'CY', 'CZ', 'DK', 'DO', 'DE', 'EC', 'EE', 'SV', 'FI', 'FR', 'GR', 'GT', 'HN', 'HK', 'HU', 'IS', 'IE', 'IT', 'LV', 'LT', 'LU', 'MY', 'MT', 'MX', 'NL', 'NZ', 'NI', 'NO', 'PA', 'PY', 'PE', 'PH', 'PL', 'PT', 'SG', 'SK', 'ES', 'SE', 'CH', 'TW', 'TR', 'UY', 'US', 'GB', 'AD', 'LI', 'MC', 'ID', 'JP', 'TH', 'VN', 'RO', 'IL', 'ZA', 'SA', 'AE', 'BH', 'QA', 'OM', 'KW', 'EG', 'MA', 'DZ', 'TN', 'LB', 'JO', 'PS', 'IN', 'BY', 'KZ', 'MD', 'UA', 'AL', 'BA', 'HR', 'ME', 'MK', 'RS', 'SI', 'KR', 'BD', 'PK', 'LK', 'GH', 'KE', 'NG', 'TZ', 'UG', 'AG', 'AM', 'BS', 'BB', 'BZ', 'BT', 'BW', 'BF', 'CV', 'CW', 'DM', 'FJ', 'GM', 'GE', 'GD', 'GW', 'GY', 'HT', 'JM', 'KI', 'LS', 'LR', 'MW', 'MV', 'ML', 'MH', 'FM', 'NA', 'NR', 'NE', 'PW', 'PG', 'WS', 'SM', 'ST', 'SN', 'SC', 'SL', 'SB', 'KN', 'LC', 'VC', 'SR', 'TL', 'TO', 'TT', 'TV', 'VU', 'AZ', 'BN', 'BI', 'KH', 'CM', 'TD', 'KM', 'GQ', 'SZ', 'GA', 'GN', 'KG', 'LA', 'MO', 'MR', 'MN', 'NP', 'RW', 'TG', 'UZ', 'ZW', 'BJ', 'MG', 'MU', 'MZ', 'AO', 'CI', 'DJ', 'ZM', 'CD', 'CG', 'IQ', 'LY', 'TJ', 'VE', 'ET', 'XK']",1,366367,False,{'spotify': 'https://open.spotify.com/track/0hCDOB2sMREIe7qCr0Hrvh'},https://api.spotify.com/v1/tracks/0hCDOB2sMREIe7qCr0Hrvh,0hCDOB2sMREIe7qCr0Hrvh,False,Người Giữ Kỉ Niệm,https://p.scdn.co/mp3-preview/7e9f4200bdc41e43b258fafe7d4e209d2dd0ba14?cid=7e5c4955d03c412482338a09edc225b6,1,track,spotify:track:0hCDOB2sMREIe7qCr0Hrvh,Thái Đinh,spotify:artist:7lq25uVNvzRoAJgr4CYr8e,0.661,0.17,7,-12.022,1,0.0322,0.908,1.51e-06,0.272,0.24,118.027,366367,3,https://open.spotify.com/track/0hCDOB2sMREIe7qCr0Hrvh,,,
35,"[{'external_urls': {'spotify': 'https://open.spotify.com/artist/7lq25uVNvzRoAJgr4CYr8e'}, 'href': 'https://api.spotify.com/v1/artists/7lq25uVNvzRoAJgr4CYr8e', 'id': '7lq25uVNvzRoAJgr4CYr8e', 'name': 'Thái Đinh', 'type': 'artist', 'uri': 'spotify:artist:7lq25uVNvzRoAJgr4CYr8e'}]","['AR', 'AU', 'AT', 'BE', 'BO', 'BR', 'BG', 'CA', 'CL', 'CO', 'CR', 'CY', 'CZ', 'DK', 'DO', 'DE', 'EC', 'EE', 'SV', 'FI', 'FR', 'GR', 'GT', 'HN', 'HK', 'HU', 'IS', 'IE', 'IT', 'LV', 'LT', 'LU', 'MY', 'MT', 'MX', 'NL', 'NZ', 'NI', 'NO', 'PA', 'PY', 'PE', 'PH', 'PL', 'PT', 'SG', 'SK', 'ES', 'SE', 'CH', 'TW', 'TR', 'UY', 'US', 'GB', 'AD', 'LI', 'MC', 'ID', 'JP', 'TH', 'VN', 'RO', 'IL', 'ZA', 'SA', 'AE', 'BH', 'QA', 'OM', 'KW', 'EG', 'MA', 'DZ', 'TN', 'LB', 'JO', 'PS', 'IN', 'BY', 'KZ', 'MD', 'UA', 'AL', 'BA', 'HR', 'ME', 'MK', 'RS', 'SI', 'KR', 'BD', 'PK', 'LK', 'GH', 'KE', 'NG', 'TZ', 'UG', 'AG', 'AM', 'BS', 'BB', 'BZ', 'BT', 'BW', 'BF', 'CV', 'CW', 'DM', 'FJ', 'GM', 'GE', 'GD', 'GW', 'GY', 'HT', 'JM', 'KI', 'LS', 'LR', 'MW', 'MV', 'ML', 'MH', 'FM', 'NA', 'NR', 'NE', 'PW', 'PG', 'WS', 'SM', 'ST', 'SN', 'SC', 'SL', 'SB', 'KN', 'LC', 'VC', 'SR', 'TL', 'TO', 'TT', 'TV', 'VU', 'AZ', 'BN', 'BI', 'KH', 'CM', 'TD', 'KM', 'GQ', 'SZ', 'GA', 'GN', 'KG', 'LA', 'MO', 'MR', 'MN', 'NP', 'RW', 'TG', 'UZ', 'ZW', 'BJ', 'MG', 'MU', 'MZ', 'AO', 'CI', 'DJ', 'ZM', 'CD', 'CG', 'IQ', 'LY', 'TJ', 'VE', 'ET', 'XK']",1,366028,False,{'spotify': 'https://open.spotify.com/track/0QLUVFAdMukX1NRypjpxrO'},https://api.spotify.com/v1/tracks/0QLUVFAdMukX1NRypjpxrO,0QLUVFAdMukX1NRypjpxrO,False,Đông Và Anh,https://p.scdn.co/mp3-preview/f6a4571ecdc12a310d6f4b4a3a4591810c0a535f?cid=7e5c4955d03c412482338a09edc225b6,2,track,spotify:track:0QLUVFAdMukX1NRypjpxrO,Thái Đinh,spotify:artist:7lq25uVNvzRoAJgr4CYr8e,0.654,0.269,0,-10.566,1,0.0301,0.842,0.0,0.165,0.32,123.939,366029,4,https://open.spotify.com/track/0QLUVFAdMukX1NRypjpxrO,,,
36,"[{'external_urls': {'spotify': 'https://open.spotify.com/artist/7lq25uVNvzRoAJgr4CYr8e'}, 'href': 'https://api.spotify.com/v1/artists/7lq25uVNvzRoAJgr4CYr8e', 'id': '7lq25uVNvzRoAJgr4CYr8e', 'name': 'Thái Đinh', 'type': 'artist', 'uri': 'spotify:artist:7lq25uVNvzRoAJgr4CYr8e'}]","['AR', 'AU', 'AT', 'BE', 'BO', 'BR', 'BG', 'CA', 'CL', 'CO', 'CR', 'CY', 'CZ', 'DK', 'DO', 'DE', 'EC', 'EE', 'SV', 'FI', 'FR', 'GR', 'GT', 'HN', 'HK', 'HU', 'IS', 'IE', 'IT', 'LV', 'LT', 'LU', 'MY', 'MT', 'MX', 'NL', 'NZ', 'NI', 'NO', 'PA', 'PY', 'PE', 'PH', 'PL', 'PT', 'SG', 'SK', 'ES', 'SE', 'CH', 'TW', 'TR', 'UY', 'US', 'GB', 'AD', 'LI', 'MC', 'ID', 'JP', 'TH', 'VN', 'RO', 'IL', 'ZA', 'SA', 'AE', 'BH', 'QA', 'OM', 'KW', 'EG', 'MA', 'DZ', 'TN', 'LB', 'JO', 'PS', 'IN', 'BY', 'KZ', 'MD', 'UA', 'AL', 'BA', 'HR', 'ME', 'MK', 'RS', 'SI', 'KR', 'BD', 'PK', 'LK', 'GH', 'KE', 'NG', 'TZ', 'UG', 'AG', 'AM', 'BS', 'BB', 'BZ', 'BT', 'BW', 'BF', 'CV', 'CW', 'DM', 'FJ', 'GM', 'GE', 'GD', 'GW', 'GY', 'HT', 'JM', 'KI', 'LS', 'LR', 'MW', 'MV', 'ML', 'MH', 'FM', 'NA', 'NR', 'NE', 'PW', 'PG', 'WS', 'SM', 'ST', 'SN', 'SC', 'SL', 'SB', 'KN', 'LC', 'VC', 'SR', 'TL', 'TO', 'TT', 'TV', 'VU', 'AZ', 'BN', 'BI', 'KH', 'CM', 'TD', 'KM', 'GQ', 'SZ', 'GA', 'GN', 'KG', 'LA', 'MO', 'MR', 'MN', 'NP', 'RW', 'TG', 'UZ', 'ZW', 'BJ', 'MG', 'MU', 'MZ', 'AO', 'CI', 'DJ', 'ZM', 'CD', 'CG', 'IQ', 'LY', 'TJ', 'VE', 'ET', 'XK']",1,220040,False,{'spotify': 'https://open.spotify.com/track/26p6COOBFuB8xjNfOzUXg4'},https://api.spotify.com/v1/tracks/26p6COOBFuB8xjNfOzUXg4,26p6COOBFuB8xjNfOzUXg4,False,Ngoài Đằng Kia Mùa Đông,https://p.scdn.co/mp3-preview/878ad978a97eda8bef2316eea175819fcfb4fc4a?cid=7e5c4955d03c412482338a09edc225b6,3,track,spotify:track:26p6COOBFuB8xjNfOzUXg4,Thái Đinh,spotify:artist:7lq25uVNvzRoAJgr4CYr8e,0.597,0.442,0,-8.452,1,0.052,0.637,0.0,0.206,0.756,75.129,220041,4,https://open.spotify.com/track/26p6COOBFuB8xjNfOzUXg4,,,
37,"[{'external_urls': {'spotify': 'https://open.spotify.com/artist/7lq25uVNvzRoAJgr4CYr8e'}, 'href': 'https://api.spotify.com/v1/artists/7lq25uVNvzRoAJgr4CYr8e', 'id': '7lq25uVNvzRoAJgr4CYr8e', 'name': 'Thái Đinh', 'type': 'artist', 'uri': 'spotify:artist:7lq25uVNvzRoAJgr4CYr8e'}, {'external_urls': {'spotify': 'https://open.spotify.com/artist/4j8ovS4KtDcGGvVq0dd51G'}, 'href': 'https://api.spotify.com/v1/artists/4j8ovS4KtDcGGvVq0dd51G', 'id': '4j8ovS4KtDcGGvVq0dd51G', 'name': 'NamKun', 'type': 'artist', 'uri': 'spotify:artist:4j8ovS4KtDcGGvVq0dd51G'}]","['AR', 'AU', 'AT', 'BE', 'BO', 'BR', 'BG', 'CA', 'CL', 'CO', 'CR', 'CY', 'CZ', 'DK', 'DO', 'DE', 'EC', 'EE', 'SV', 'FI', 'FR', 'GR', 'GT', 'HN', 'HK', 'HU', 'IS', 'IE', 'IT', 'LV', 'LT', 'LU', 'MY', 'MT', 'MX', 'NL', 'NZ', 'NI', 'NO', 'PA', 'PY', 'PE', 'PH', 'PL', 'PT', 'SG', 'SK', 'ES', 'SE', 'CH', 'TW', 'TR', 'UY', 'US', 'GB', 'AD', 'LI', 'MC', 'ID', 'JP', 'TH', 'VN', 'RO', 'IL', 'ZA', 'SA', 'AE', 'BH', 'QA', 'OM', 'KW', 'EG', 'MA', 'DZ', 'TN', 'LB', 'JO', 'PS', 'IN', 'BY', 'KZ', 'MD', 'UA', 'AL', 'BA', 'HR', 'ME', 'MK', 'RS', 'SI', 'KR', 'BD', 'PK', 'LK', 'GH', 'KE', 'NG', 'TZ', 'UG', 'AG', 'AM', 'BS', 'BB', 'BZ', 'BT', 'BW', 'BF', 'CV', 'CW', 'DM', 'FJ', 'GM', 'GE', 'GD', 'GW', 'GY', 'HT', 'JM', 'KI', 'LS', 'LR', 'MW', 'MV', 'ML', 'MH', 'FM', 'NA', 'NR', 'NE', 'PW', 'PG', 'WS', 'SM', 'ST', 'SN', 'SC', 'SL', 'SB', 'KN', 'LC', 'VC', 'SR', 'TL', 'TO', 'TT', 'TV', 'VU', 'AZ', 'BN', 'BI', 'KH', 'CM', 'TD', 'KM', 'GQ', 'SZ', 'GA', 'GN', 'KG', 'LA', 'MO', 'MR', 'MN', 'NP', 'RW', 'TG', 'UZ', 'ZW', 'BJ', 'MG', 'MU', 'MZ', 'AO', 'CI', 'DJ', 'ZM', 'CD', 'CG', 'IQ', 'LY', 'TJ', 'VE', 'ET', 'XK']",1,208500,False,{'spotify': 'https://open.spotify.com/track/0os8hTfOV9tIXby2vlH4b0'},https://api.spotify.com/v1/tracks/0os8hTfOV9tIXby2vlH4b0,0os8hTfOV9tIXby2vlH4b0,False,Ngoài Đằng Kia Mùa Đông (feat. NamKun),https://p.scdn.co/mp3-preview/1ad71172bbec8b8f152b88bcd1f6e6c8f84b421d?cid=7e5c4955d03c412482338a09edc225b6,4,track,spotify:track:0os8hTfOV9tIXby2vlH4b0,Thái Đinh,spotify:artist:7lq25uVNvzRoAJgr4CYr8e,0.57,0.564,0,-8.405,1,0.0387,0.557,0.0,0.326,0.697,79.985,208500,4,https://open.spotify.com/track/0os8hTfOV9tIXby2vlH4b0,,,
